Precision,Implementation,Alpha,Beta,Rel_Error,Time_us,Time_Mean_us,Time_Min_us,Time_Q1_us,Time_Median_us,Time_Q3_us,Time_Max_us
64-bit,Series,1e-06,1.0,4.711526148025931e-06,17.088468424477536,17.088468424477536,16.661059570211023,16.725927734384527,16.965673828028827,17.222973632824434,17.988525390588705
64-bit,Gauss-Legendre,1e-06,1.0,0.07474338377562187,548.1034970238223,548.1034970238223,540.5023437461409,545.1515624983472,547.4382812522549,550.7734375029827,558.0656250003813
64-bit,QAGS,1e-06,1.0,2.3137015503678894e-16,1142.4091517885213,1142.4091517885213,1105.9031250084672,1108.4171875097582,1113.304687507366,1136.5124999969112,1347.1765625041598
32-bit,Series,1e-06,1.0,4.711554603084448e-06,15.573613048756144,15.573613048756144,15.348901367007173,15.433496093786303,15.468334960910823,15.564013671864885,17.032763671931406
32-bit,Gauss-Legendre,1e-06,1.0,0.07474338377562187,545.1101934520844,545.1101934520844,537.782812500609,541.5960937469322,543.7351562491699,547.0562499994003,559.1554687498501
32-bit,QAGS,1e-06,1.0,3.470552325551834e-16,735.9606770840461,735.9606770840461,717.4578124988784,724.2570312513408,732.0304687468138,745.9562500002903,772.6882812448821
64-bit,Series,1e-06,1.6,0.0,15.958467029355445,15.958467029355445,15.621948242117156,15.731665039098175,15.844604492221137,15.892138671924627,17.28212890617087
64-bit,Gauss-Legendre,1e-06,1.6,0.7959019799924812,745.2986607136479,745.2986607136479,730.6585937456589,733.8203125044629,737.7312499983191,754.964843750372,790.896093747051
64-bit,QAGS,1e-06,1.6,1.0000001014624367,676.2965401783222,676.2965401783222,652.714843752733,657.4195312509801,660.253124998178,677.6226562479337,834.6234375053996
32-bit,Series,1e-06,1.6,0.0,15.020685686362693,15.020685686362693,14.820068359400196,14.892163085811205,14.949267578057146,15.053125000052958,15.919140625042516
32-bit,Gauss-Legendre,1e-06,1.6,0.7959019799924812,740.7281250007849,740.7281250007849,726.0742187540359,732.714062500861,734.2289062535201,744.1609375007374,772.4890625055991
32-bit,QAGS,1e-06,1.6,1.0000001014624367,534.9782738095076,534.9782738095076,482.4570312464971,486.80000000445034,490.6765624994591,555.7210937539026,726.4148437542417
64-bit,Series,1e-06,2.2,2.2030733644070888e-16,17.042036365317024,17.042036365317024,16.382031249984053,16.477001953063564,16.655346679605998,17.51364746094275,19.274902343546785
64-bit,Gauss-Legendre,1e-06,2.2,0.9659073924229777,765.5075148802904,765.5075148802904,730.0507812502133,744.4781250001142,753.5671875018579,779.6656250036449,887.8460937467025
64-bit,QAGS,1e-06,2.2,0.00028863023676223976,773.0387648810696,773.0387648810696,758.7398437465254,762.818749997507,768.4476562488385,779.2156250019389,802.063281248877
32-bit,Series,1e-06,2.2,2.2030733644070888e-16,16.83631882441023,16.83631882441023,15.224389648516023,15.459082031155091,15.807714843774079,17.39526367194877,20.87392578120628
32-bit,Gauss-Legendre,1e-06,2.2,0.9659073924229777,759.8764136910555,759.8764136910555,730.4640624994363,736.4203124922142,765.1500000065425,778.5718750028536,795.0671874965565
32-bit,QAGS,1e-06,2.2,0.00028863023676223976,779.3696800600882,779.3696800600882,760.3789062500255,763.5039062563465,769.694531250309,792.7914062477726,843.2320312508068
64-bit,Series,1e-06,2.8,0.0,16.528787667425767,16.528787667425767,16.16271972637584,16.278857421836435,16.353955078152183,16.552636718847324,17.533789062662564
64-bit,Gauss-Legendre,1e-06,2.8,0.9942200913656037,750.9005208341418,750.9005208341418,729.2124999978,734.3812500053559,739.9874999975964,745.8007812530809,886.9523437482485
64-bit,QAGS,1e-06,2.8,0.0002872223218244551,896.5296874994995,896.5296874994995,863.2484374970772,865.743749997705,868.8359374957599,872.2062499941785,1147.7968750028822
32-bit,Series,1e-06,2.8,0.0,15.501020740295504,15.501020740295504,15.144897461016882,15.21848144525606,15.249291992258662,15.53293457035032,16.639770507920204
32-bit,Gauss-Legendre,1e-06,2.8,0.9942200913656037,767.0661086314517,767.0661086314517,734.9804687493133,750.9015624975746,767.1210937516548,783.8921875062965,798.7085937486427
32-bit,QAGS,1e-06,2.8,0.0002872223218244551,878.7106398799658,878.7106398799658,860.4500000046755,868.0312500075615,872.6796874896081,880.9078125011638,925.6624999949281
64-bit,Series,1e-06,3.4,1.4255180593181824e-16,18.043872070304186,18.043872070304186,16.312377929761368,16.733227538923146,17.46308593753021,18.721264648524638,25.270214843775562
64-bit,Gauss-Legendre,1e-06,3.4,0.9989580058000893,764.112797616874,764.112797616874,731.595312501554,743.571875005955,748.1218749916252,759.279687500225,978.4968750068401
64-bit,QAGS,1e-06,3.4,0.0002368420819429006,601.5123511906901,601.5123511906901,584.4304687556701,587.8875000036032,590.6773437516222,596.8062500016913,670.4476562475747
32-bit,Series,1e-06,3.4,1.4255180593181824e-16,15.428190104170369,15.428190104170369,15.032226562627926,15.211010742310904,15.276928710949988,15.452343750110842,16.70466308589802
32-bit,Gauss-Legendre,1e-06,3.4,0.9989580058000893,743.3939360122992,743.3939360122992,727.4507812553566,733.4109374994568,737.2734375010737,745.1585937516825,796.2375000047928
32-bit,QAGS,1e-06,3.4,0.0002368420819429006,602.2845610118566,602.2845610118566,588.2039062541367,594.4062500020664,596.001562499282,599.4007812475388,641.8242187535839
64-bit,Series,1e-06,4.0,1.5146129380253524e-16,16.84209565660801,16.84209565660801,16.33476562501457,16.47119140613107,16.499267578184984,16.695874023309187,22.299877929787826
64-bit,Gauss-Legendre,1e-06,4.0,0.9997984932227952,746.892708334829,746.892708334829,732.0460937521034,736.1468749991218,738.82031250605,757.86484375584,782.3718749975228
64-bit,QAGS,1e-06,4.0,0.0001617798638565783,912.0516369050404,912.0516369050404,897.1406249997926,900.1281249965132,906.9500000009612,915.3968750013064,959.2703125065327
32-bit,Series,1e-06,4.0,1.5146129380253524e-16,15.619342912947818,15.619342912947818,15.123950195317093,15.25495605458893,15.350488281384855,15.537158203127177,20.28754882821282
32-bit,Gauss-Legendre,1e-06,4.0,0.9997984932227952,746.7496279760087,746.7496279760087,731.7898437477766,736.2843750016168,738.0601562516631,746.5867187477215,811.4390625024726
32-bit,QAGS,1e-06,4.0,0.0001617798638565783,915.5965029783549,915.5965029783549,899.8656250014392,904.8062499914522,909.4500000088601,917.9156249956577,973.6859375095719
64-bit,Series,1e-06,4.6,0.0,16.730765206479383,16.730765206479383,16.259497070292284,16.345019531405214,16.494335937533577,17.100317383000885,17.788134765606145
64-bit,Gauss-Legendre,1e-06,4.6,0.9999582822701518,787.2479910736005,787.2479910736005,734.0625000011869,739.4906250084432,763.8562500034141,805.5406250093711,1001.0187500029133
64-bit,QAGS,1e-06,4.6,0.014447782094376211,885.7850446419421,885.7850446419421,864.170312510737,865.2109375049122,870.6046874920048,898.4140624903603,985.6687500047201
32-bit,Series,1e-06,4.6,0.0,15.369141787563697,15.369141787563697,15.166918945208607,15.238842773435124,15.271435547026257,15.477392578233662,15.724999999910949
32-bit,Gauss-Legendre,1e-06,4.6,0.9999582822701518,778.7395089292339,778.7395089292339,737.7328124960059,745.4125000023737,777.3640625003964,798.8843750013075,849.723437504224
32-bit,QAGS,1e-06,4.6,0.014447782094376211,921.9027529753918,921.9027529753918,867.0828124905938,892.2109374935872,928.5078125031987,935.1312500029962,1053.9265624913696
64-bit,Series,1e-06,5.2,4.893364876696681e-16,16.72936546691703,16.72936546691703,16.273461914018128,16.436889648474562,16.63776855465038,16.82001953118295,17.80644531246267
64-bit,Gauss-Legendre,1e-06,5.2,0.9999907989597673,751.4394345239425,751.4394345239425,732.3718750029684,743.384374999323,747.289062502432,759.219531246913,790.455468752782
64-bit,QAGS,1e-06,5.2,0.015768940972323797,568.1484002967148,568.1484002967148,552.6601562451106,557.1367187542364,561.5781250014606,576.7023437499574,600.9171874978847
32-bit,Series,1e-06,5.2,4.893364876696681e-16,15.366449265242192,15.366449265242192,15.140356445231262,15.201049804680622,15.306250000124422,15.426000976592746,16.45930175775412
32-bit,Gauss-Legendre,1e-06,5.2,0.9999907989597673,745.7484747030479,745.7484747030479,731.8937500002676,737.3749999999291,741.0624999977244,745.1882812503641,799.4015625030215
32-bit,QAGS,1e-06,5.2,0.015768940972323797,574.2306919641139,574.2306919641139,552.77499999562,554.4804687502847,558.5015625015899,574.0671875003045,747.6796874996694
64-bit,Series,1e-06,5.8,3.3425940701243884e-16,16.56619582405102,16.56619582405102,16.133374023397096,16.337402343857832,16.452978515602013,16.650561523334773,17.290722656326807
64-bit,Gauss-Legendre,1e-06,5.8,0.9999978495058973,759.4595982134307,759.4595982134307,731.9710937494506,737.6960937435229,749.6539062472607,759.7273437482954,863.6437500015859
64-bit,QAGS,1e-06,5.8,0.0,1048.7502232147485,1048.7502232147485,1034.2359374959642,1041.2968750017626,1047.1640625127066,1053.3234375031952,1072.3546874942258
32-bit,Series,1e-06,5.8,3.3425940701243884e-16,15.757101004463895,15.757101004463895,15.098632812460266,15.205566406439885,15.280761718639013,15.401733398423545,19.911059570443257
32-bit,Gauss-Legendre,1e-06,5.8,0.9999978495058973,752.1343005952492,752.1343005952492,731.0421875033057,738.0257812528157,745.8835937512731,759.9164062455088,794.4195312461488
32-bit,QAGS,1e-06,5.8,0.0,1066.8711309530668,1066.8711309530668,1035.1749999983895,1052.1703125050408,1057.4640624980702,1081.7781249983227,1109.1609374886957
64-bit,Series,1e-06,6.3999999999999995,1.7039395552782118e-16,16.687387230273654,16.687387230273654,16.241992187415732,16.33825683589052,16.396215820169147,17.021508788905848,17.7415039062101
64-bit,Gauss-Legendre,1e-06,6.3999999999999995,0.9999994700054349,752.8319196427312,752.8319196427312,732.0710937506192,735.1140625004859,742.8250000032222,768.3578125039503,801.9601562523349
64-bit,QAGS,1e-06,6.3999999999999995,1.7039395552782118e-16,767.6959077376939,767.6959077376939,758.3890624971446,762.2828124951297,767.2320312508418,770.2249999965716,781.3710937512042
32-bit,Series,1e-06,6.3999999999999995,1.7039395552782118e-16,16.967950148832635,16.967950148832635,15.240771484403837,15.568920898489935,16.09318847650698,17.1904052734817,24.489526367243997
32-bit,Gauss-Legendre,1e-06,6.3999999999999995,0.9999994700054349,778.7414434528864,778.7414434528864,728.745312500223,745.0328125031547,775.8343749983965,801.371093750447,889.8359374995835
32-bit,QAGS,1e-06,6.3999999999999995,0.0,760.7979538692331,760.7979538692331,725.3257812465108,730.9453125046161,735.8351562487542,752.8976562554135,1037.822656250853
64-bit,Series,1e-06,7.0,3.4619724297715424e-16,16.395865885442447,16.395865885442447,15.937890625039586,16.064208984367667,16.211596679749363,16.75429687497676,17.27170410159573
64-bit,Gauss-Legendre,1e-06,7.0,0.9999998628765103,770.5656622024868,770.5656622024868,733.8484375054577,737.9257812516471,743.7562500030026,763.3687500003816,935.378124999886
64-bit,QAGS,1e-06,7.0,3.4619724297715424e-16,1097.0012648812146,1097.0012648812146,1042.9031249969967,1056.7203125049218,1065.1515624999774,1114.8078124989524,1373.4390624904336
32-bit,Series,1e-06,7.0,3.4619724297715424e-16,16.064305478048436,16.064305478048436,14.760815429726293,15.640771484193294,15.77199707036847,16.07653808588516,18.860913086005127
32-bit,Gauss-Legendre,1e-06,7.0,0.9999998628765103,765.2309523799822,765.2309523799822,734.592187512817,744.3421874882006,749.2140624947297,787.5750000039261,816.5859374997808
32-bit,QAGS,1e-06,7.0,3.4619724297715424e-16,1071.7539434555842,1071.7539434555842,1042.8812500009599,1054.02343750427,1061.3453124932448,1092.7750000035985,1123.5046874986665
64-bit,Series,1e-06,7.6,3.5075246985842755e-16,17.215184384297828,17.215184384297828,16.284887695450223,16.40336914054963,16.570166015528187,17.397802734464562,21.448803710910624
64-bit,Gauss-Legendre,1e-06,7.6,0.9999999629007311,761.275111607401,761.275111607401,736.8460937513532,742.8554687507471,754.8804687473876,772.2093750004433,826.6984374998287
64-bit,QAGS,1e-06,7.6,1.0,1255.5883928560736,1255.5883928560736,1153.9453124953525,1191.5906249981845,1231.1812499916641,1268.9656250017833,1584.2765624967114
32-bit,Series,1e-06,7.6,3.5075246985842755e-16,15.64422665551695,15.64422665551695,15.180126953229234,15.387109375097907,15.531274414115614,15.658886718616927,17.156201171708574
32-bit,Gauss-Legendre,1e-06,7.6,0.9999999629007311,773.7206101190336,773.7206101190336,738.0851562501789,746.1953125016407,750.9351562475786,795.0515624983723,902.8031250011281
32-bit,QAGS,1e-06,7.6,0.0,1212.5338541667795,1212.5338541667795,1146.5515624990985,1154.7765625010697,1165.1609375036287,1211.287499998548,1606.593749997387
64-bit,Series,1e-06,8.2,1.7732053908585488e-16,16.592771112349034,16.592771112349034,16.12214355461994,16.41472167968061,16.52363281245961,16.79763183592975,17.38249511729073
64-bit,Gauss-Legendre,1e-06,8.2,0.9999999895396715,741.2643973207114,741.2643973207114,731.2976562516837,735.1539062483425,736.7648437508478,739.7132812485552,778.693750000059
64-bit,QAGS,1e-06,8.2,1.5604207439555232e-14,734.3440476195914,734.3440476195914,721.3960937519914,727.8734374978058,730.8624999993185,737.304687497442,761.8593750038372
32-bit,Series,1e-06,8.2,1.7732053908585488e-16,15.3322114489987,15.3322114489987,15.030151367056988,15.149877929721,15.318994140534059,15.45241699218991,15.864550781063969
32-bit,Gauss-Legendre,1e-06,8.2,0.9999999895396715,745.5982142858599,745.5982142858599,733.1968749966222,735.5617187485564,736.6468749978594,742.5718750013743,792.8906250000978
32-bit,QAGS,1e-06,8.2,1.5604207439555232e-14,737.2520089288872,737.2520089288872,722.4421875022813,728.8726562464376,731.820312502407,738.0945312505105,807.34296875562
64-bit,Series,1e-06,8.8,0.0,16.661953590032155,16.661953590032155,16.094628906282438,16.384594726526203,16.591040039148908,16.6959472656103,18.060937500008478
64-bit,Gauss-Legendre,1e-06,8.8,0.9999999969356022,738.8623139891458,738.8623139891458,731.8421874984438,733.5882812498085,735.3046875024916,738.874218754404,785.4140624985462
64-bit,QAGS,1e-06,8.8,0.14411066383656046,527.3782738086652,527.3782738086652,516.7335937485973,518.553125004928,520.1953124966963,525.5234374956785,560.4523437483522
32-bit,Series,1e-06,8.8,0.0,15.31932663690312,15.31932663690312,15.074877929510677,15.160083007836889,15.194750976554872,15.263598632797581,16.872753906271853
32-bit,Gauss-Legendre,1e-06,8.8,0.9999999969356022,777.5040922607126,777.5040922607126,737.7234374956743,746.0203125049247,771.3890625069553,797.9921875005402,857.4265624901045
32-bit,QAGS,1e-06,8.8,0.14411066383656046,529.1050967264661,529.1050967264661,516.5976562508945,522.3882812543934,527.9750000042327,529.7429687516342,561.592187501958
64-bit,Series,1e-06,9.4,1.0827871216519036e-15,17.524232700928874,17.524232700928874,16.18461914065783,17.23288574217996,17.479614257798204,17.809082031305934,20.495312500035112
64-bit,Gauss-Legendre,1e-06,9.4,0.9999999990697238,782.7689360116862,782.7689360116862,741.4484375019015,755.8187500009694,773.6687499999562,794.7968749988377,911.8429687546836
64-bit,QAGS,1e-06,9.4,0.1485342377969633,1020.2619047628929,1020.2619047628929,971.1984374973781,981.334374998255,996.1234375026606,1032.4921874911297,1386.998437496345
32-bit,Series,1e-06,9.4,1.0827871216519036e-15,15.901338123136018,15.901338123136018,15.045922851619764,15.214843749999929,15.354907226594605,15.69592285166621,20.09528808577521
32-bit,Gauss-Legendre,1e-06,9.4,0.9999999990697238,755.699702380869,755.699702380869,737.0304687555063,739.9085937507266,745.6429687522359,772.2414062527605,807.2843749999947
32-bit,QAGS,1e-06,9.4,0.1485342377969633,978.5970982128287,978.5970982128287,960.9156249865691,966.729687490897,972.6421875058122,978.2953124926053,1034.875000001989
64-bit,Series,1e-06,10.0,0.0,15.827556501107106,15.827556501107106,15.298315429790321,15.386572265629894,15.451171875069392,15.654931640574077,18.31032714849634
64-bit,Gauss-Legendre,1e-06,10.0,0.99999999970804,743.5602678582886,743.5602678582886,731.350000002351,735.930468749757,739.119531253607,741.7312500024309,804.9257812530186
64-bit,QAGS,1e-06,10.0,0.15254877888750717,533.9553199404247,533.9553199404247,516.7281249995881,525.0117187500791,526.1187500025244,528.4882812475189,598.0140625041486
32-bit,Series,1e-06,10.0,0.0,14.273496791289157,14.273496791289157,14.018774413981916,14.124389648317859,14.197045898445282,14.252563476535585,15.849194336059469
32-bit,Gauss-Legendre,1e-06,10.0,0.99999999970804,752.2868303566844,752.2868303566844,729.3687500009582,736.2921874971562,740.4453124948418,745.5234375015607,875.1460937546085
32-bit,QAGS,1e-06,10.0,0.15254877888750717,527.7710565482471,527.7710565482471,517.8039062485595,521.1968749989637,523.063281249847,528.2132812567397,561.9343749998507
64-bit,Series,2.5118864315095823e-06,1.0,1.6208264421843313e-06,16.958786737374442,16.958786737374442,16.68696289081062,16.79675292964866,16.854711914149334,16.979760742108496,18.57326660159586
64-bit,Gauss-Legendre,2.5118864315095823e-06,1.0,0.015610797409139902,549.985714286211,549.985714286211,541.2953125016884,545.236718750175,547.8742187463581,551.3718750052021,588.7796874972651
64-bit,QAGS,2.5118864315095823e-06,1.0,0.0,1096.5873511897448,1096.5873511897448,1076.8468749944304,1081.117187496261,1087.535937500661,1096.0750000066355,1158.1859375127124
32-bit,Series,2.5118864315095823e-06,1.0,1.6208569062802463e-06,15.586104910734836,15.586104910734836,15.400292968648088,15.470825195373905,15.53198242176812,15.614135742358926,16.527197265636673
32-bit,Gauss-Legendre,2.5118864315095823e-06,1.0,0.015610797409139902,564.2663318452958,564.2663318452958,545.9679687476182,548.614062502395,551.2351562515505,563.3179687478673,642.9234374962789
32-bit,QAGS,2.5118864315095823e-06,1.0,8.008808946918844e-15,667.0100446431857,667.0100446431857,648.954687498815,656.4124999997034,659.718750000593,664.1906250024476,732.6992187515202
64-bit,Series,2.5118864315095823e-06,1.6,0.0,15.887326776428809,15.887326776428809,15.57519531258933,15.688159179738648,15.743847656235488,15.861108398462775,17.096313476461233
64-bit,Gauss-Legendre,2.5118864315095823e-06,1.6,0.4273755292226949,742.2691592270645,742.2691592270645,730.3507812537191,736.6234374970304,738.0874999967091,743.8390625011948,777.107812503175
64-bit,QAGS,2.5118864315095823e-06,1.6,1.0000003063973626,488.85580357077316,488.85580357077316,479.46953124977654,483.93828124915217,485.8898437518633,488.600781245907,533.1078125010436
32-bit,Series,2.5118864315095823e-06,1.6,0.0,15.06805478051249,15.06805478051249,14.820849609353814,14.904541015603456,15.004125976547655,15.14682617176355,15.885864257825233
32-bit,Gauss-Legendre,2.5118864315095823e-06,1.6,0.4273755292226949,751.2068824421394,751.2068824421394,730.2882812538769,733.042968754205,739.3164062534652,743.737499995234,926.6406249963666
32-bit,QAGS,2.5118864315095823e-06,1.6,1.0000003063973626,489.2460565477969,489.2460565477969,480.05937500050777,483.8406250016192,486.8335937473489,491.8921875045612,511.99921875166865
64-bit,Series,2.5118864315095823e-06,2.2,1.3966543911234964e-16,16.791129557320023,16.791129557320023,16.217895507875113,16.35397949217854,16.386987304661815,16.735205078166615,19.60993652327936
64-bit,Gauss-Legendre,2.5118864315095823e-06,2.2,0.731762136160162,741.3427827373873,741.3427827373873,731.3039062495363,734.0164062483723,737.1890625051947,741.5250000022411,804.0710937464723
64-bit,QAGS,2.5118864315095823e-06,2.2,1.0000000000027938,487.61648065566635,487.61648065566635,476.5515625066996,483.1078124993837,484.8742187490984,487.1078124963901,516.8804687514239
32-bit,Series,2.5118864315095823e-06,2.2,1.3966543911234964e-16,15.637699962796281,15.637699962796281,15.112841796893761,15.250000000133213,15.34687500015508,15.644482421972583,19.152661132837423
32-bit,Gauss-Legendre,2.5118864315095823e-06,2.2,0.731762136160162,746.7597470238729,746.7597470238729,733.1992187502578,735.8414062537122,737.6304687483071,750.7312500010244,788.9921875019468
32-bit,QAGS,2.5118864315095823e-06,2.2,1.0000000000027938,485.17983630922527,485.17983630922527,479.24218750239334,481.91406249742386,484.4562499997096,485.65624999952206,508.8804687503057
64-bit,Series,2.5118864315095823e-06,2.8,1.6460569609412388e-16,16.870049758191794,16.870049758191794,16.2136230468235,16.316528320459156,16.347241210912244,16.439526367317825,19.751879882790035
64-bit,Gauss-Legendre,2.5118864315095823e-06,2.8,0.8745523730071205,743.8850446429715,743.8850446429715,733.268749996796,737.6937500040981,740.5593750036132,744.1976562532204,789.4765625025002
64-bit,QAGS,2.5118864315095823e-06,2.8,1.0263988179949094e-10,644.322842262568,644.322842262568,631.0328124996545,637.393750004378,640.603906248316,646.5812500024981,698.6742187464756
32-bit,Series,2.5118864315095823e-06,2.8,1.6460569609412388e-16,15.728627232160957,15.728627232160957,15.124072265670918,15.247192382883412,15.485327148567762,15.774926757750052,19.56083984366863
32-bit,Gauss-Legendre,2.5118864315095823e-06,2.8,0.8745523730071205,755.5853050592852,755.5853050592852,731.8859374976228,737.5570312504465,746.3929687503423,769.9007812504988,813.9124999999581
32-bit,QAGS,2.5118864315095823e-06,2.8,1.0263988179949094e-10,648.5260044643479,648.5260044643479,621.5406250049682,644.8000000034426,649.835156245615,654.6429687546151,684.7734374986203
64-bit,Series,2.5118864315095823e-06,3.4,0.0,16.66448916480875,16.66448916480875,16.254003906368553,16.347534179672607,16.43884277346963,16.665966796836074,18.37172851582025
64-bit,Gauss-Legendre,2.5118864315095823e-06,3.4,0.9387647477253928,746.4183779764729,746.4183779764729,730.9421874950317,736.6500000003384,740.4820312473248,743.001562497625,801.2828125032456
64-bit,QAGS,2.5118864315095823e-06,3.4,0.00022638608297159604,861.0008184522908,861.0008184522908,827.9203125027834,833.1546874984497,841.2796875063577,862.0171875008964,1060.6890624984544
32-bit,Series,2.5118864315095823e-06,3.4,0.0,15.534726097456883,15.534726097456883,15.166870117155895,15.279492187492139,15.336010742217354,15.418603515726659,17.990429687531062
32-bit,Gauss-Legendre,2.5118864315095823e-06,3.4,0.9387647477253928,752.0216889883528,752.0216889883528,734.0320312536619,735.9648437486044,739.1945312491544,766.7476562502884,830.827343747842
32-bit,QAGS,2.5118864315095823e-06,3.4,0.00022638608297159604,835.8497767861058,835.8497767861058,823.4843749903575,832.0999999966716,834.6218750006074,837.7296874897411,872.6687500058006
64-bit,Series,2.5118864315095823e-06,4.0,1.9203997877587201e-16,16.66701543896159,16.66701543896159,16.31437988280915,16.460375976690145,16.49196777342432,16.514599609385172,19.174682617251193
64-bit,Gauss-Legendre,2.5118864315095823e-06,4.0,0.9685265894264026,744.4332961314549,744.4332961314549,729.2632812507804,736.447656251471,740.07734374959,745.0937499982047,801.8492187531479
64-bit,QAGS,2.5118864315095823e-06,4.0,0.00036483722682165317,528.9366815478587,528.9366815478587,517.0593749994623,518.7492187488374,521.0296874977871,527.8539062487653,585.1453125060857
32-bit,Series,2.5118864315095823e-06,4.0,1.9203997877587201e-16,15.67751929877295,15.67751929877295,15.025244140431937,15.143457031241425,15.196972656283947,15.319287109294422,22.787182617278745
32-bit,Gauss-Legendre,2.5118864315095823e-06,4.0,0.9685265894264026,745.1305803580037,745.1305803580037,734.1492187507015,735.8843749969424,738.7726562484431,745.0203125003441,789.19921875098
32-bit,QAGS,2.5118864315095823e-06,4.0,0.00036483722682165317,523.2956101187099,523.2956101187099,515.4656249999334,517.730468750699,519.3515624952738,520.6601562548485,574.9203125020586
64-bit,Series,2.5118864315095823e-06,4.6,2.003895430703779e-16,16.868948800221503,16.868948800221503,16.090600585938475,16.18730468733176,16.27001953119489,16.74099121085071,25.17773437493709
64-bit,Gauss-Legendre,2.5118864315095823e-06,4.6,0.9829928228799952,745.1763392854868,745.1763392854868,735.2554687471979,738.0273437505025,739.8195312546818,743.8312500056554,781.9453124966458
64-bit,QAGS,2.5118864315095823e-06,4.6,0.0009705456753814094,849.6241071435676,849.6241071435676,822.0187500000975,830.8234374965195,832.9734374967757,840.6374999907484,1089.324999995256
32-bit,Series,2.5118864315095823e-06,4.6,2.003895430703779e-16,15.31501697358907,15.31501697358907,15.072705078056359,15.112011718665386,15.178466796994527,15.300927734385183,16.427294921905755
32-bit,Gauss-Legendre,2.5118864315095823e-06,4.6,0.9829928228799952,746.339322915901,746.339322915901,735.3531250018364,736.8945312435926,740.332812497968,743.26640625344,787.0367187479133
32-bit,QAGS,2.5118864315095823e-06,4.6,0.0009705456753814094,834.2052083343158,834.2052083343158,824.9890624938416,831.478125007834,834.442187510831,836.8609374969083,842.4468749979042
64-bit,Series,2.5118864315095823e-06,5.2,2.0681228483539139e-16,16.463734654047546,16.463734654047546,16.09360351562117,16.19233398453268,16.30598144530815,16.36616210931585,17.884790039168763
64-bit,Gauss-Legendre,2.5118864315095823e-06,5.2,0.9903794880367058,743.5068824397902,743.5068824397902,732.8124999972374,734.3515624995689,739.341406251981,746.7218750036864,778.7554687510578
64-bit,QAGS,2.5118864315095823e-06,5.2,0.0015635549720211515,855.4081101185114,855.4081101185114,821.0031249973326,834.3765625085098,836.3375000044471,846.0406249923835,1048.1749999939893
32-bit,Series,2.5118864315095823e-06,5.2,2.0681228483539139e-16,15.33218122206663,15.33218122206663,15.16743164042822,15.21298828133233,15.243237304618518,15.358959960964924,15.94765625001493
32-bit,Gauss-Legendre,2.5118864315095823e-06,5.2,0.9903794880367058,748.1187127973093,748.1187127973093,729.4632812531177,735.9898437542256,739.2023437446937,744.1054687475912,829.0562500050669
32-bit,QAGS,2.5118864315095823e-06,5.2,0.0015635549720211515,843.1209077369452,843.1209077369452,826.0625000104937,832.0781250006348,835.4828124907954,838.5437499924819,913.0640624874786
64-bit,Series,2.5118864315095823e-06,5.8,2.119061834766132e-16,16.248429361934026,16.248429361934026,16.1210449218796,16.188305663966673,16.237402343799445,16.29062499985956,16.465332031145863
64-bit,Gauss-Legendre,2.5118864315095823e-06,5.8,0.9943298866762195,743.8028645829658,743.8028645829658,729.8851562467235,736.1070312512652,738.3664062459161,742.1773437528145,791.7828124988091
64-bit,QAGS,2.5118864315095823e-06,5.8,0.0021307213695250468,531.0465773805937,531.0465773805937,515.6375000012758,518.6382812496504,520.4757812506955,529.9148437458712,635.3796874947193
32-bit,Series,2.5118864315095823e-06,5.8,2.119061834766132e-16,15.322419084830482,15.322419084830482,14.957763671885616,15.156469726607114,15.171630859400764,15.279931640632682,16.731420898530303
32-bit,Gauss-Legendre,2.5118864315095823e-06,5.8,0.9943298866762195,742.2574776781299,742.2574776781299,727.9703124964954,734.5414062456257,737.8984374994957,740.1632812502612,781.8484374979562
32-bit,QAGS,2.5118864315095823e-06,5.8,0.0021307213695250468,523.1922619051672,523.1922619051672,516.6289062472629,518.8632812505034,519.9335937504657,521.3039062468283,565.9695312516533
64-bit,Series,2.5118864315095823e-06,6.3999999999999995,0.0,16.31106538315029,16.31106538315029,16.12065429679177,16.211132812582463,16.251586914206584,16.327929687420806,17.29150390605838
64-bit,Gauss-Legendre,2.5118864315095823e-06,6.3999999999999995,0.9965334340777942,739.6903645826569,739.6903645826569,734.0695312549883,735.7109374979132,738.0507812513315,740.3601562501194,761.1203124966437
64-bit,QAGS,2.5118864315095823e-06,6.3999999999999995,0.00019272369915000986,895.9752976170961,895.9752976170961,860.5109374997255,868.8203125046812,872.6046874869553,921.7281249931375,1055.739062493899
32-bit,Series,2.5118864315095823e-06,6.3999999999999995,0.0,15.20518624442162,15.20518624442162,15.018627929741513,15.136279297056632,15.19868164079341,15.237817382773855,15.523315429755158
32-bit,Gauss-Legendre,2.5118864315095823e-06,6.3999999999999995,0.9965334340777942,745.1651041668314,745.1651041668314,734.6820312505997,737.4374999997713,739.7390624959144,743.9156250015344,789.6203125028478
32-bit,QAGS,2.5118864315095823e-06,6.3999999999999995,0.00019272369915000986,875.7409226200523,875.7409226200523,860.2328124993619,871.5156249934353,873.4609374982938,875.9546875012347,939.9453124956381
64-bit,Series,2.5118864315095823e-06,7.0,2.194742614578625e-16,16.225310407394897,16.225310407394897,15.913940429879148,15.982690429572344,16.04353027362393,16.147534179555834,18.576586914065274
64-bit,Gauss-Legendre,2.5118864315095823e-06,7.0,0.997810095784866,738.1390252978988,738.1390252978988,732.962500002543,734.6656250035721,737.207031249909,740.8156250008346,746.9210937500748
64-bit,QAGS,2.5118864315095823e-06,7.0,0.00019423324606512851,871.8171130943747,871.8171130943747,856.1468749945789,867.5593749956079,868.8859375070024,873.190625000575,902.4468750027381
32-bit,Series,2.5118864315095823e-06,7.0,2.194742614578625e-16,14.747054036463272,14.747054036463272,14.494873046944079,14.612866211072273,14.713842773295127,14.799316406355345,15.46455078127451
32-bit,Gauss-Legendre,2.5118864315095823e-06,7.0,0.997810095784866,740.6985863087,740.6985863087,731.0453124986793,734.1992187477331,737.274218749917,744.291406249431,763.25234374508
32-bit,QAGS,2.5118864315095823e-06,7.0,0.00019423324606512851,878.6755952389145,878.6755952389145,861.1500000057504,865.5875000016522,870.0000000061436,872.7343749939109,983.9531250008804
64-bit,Series,2.5118864315095823e-06,7.6,6.670862420626536e-16,16.435665457598905,16.435665457598905,16.089111328110306,16.21486816394402,16.2940917969312,16.37373046881052,17.367626953257442
64-bit,Gauss-Legendre,2.5118864315095823e-06,7.6,0.9985754039427845,742.4845238085979,742.4845238085979,727.2312499964073,733.7421874922256,737.2046874962734,739.1828124951871,822.4531250107248
64-bit,QAGS,2.5118864315095823e-06,7.6,0.00019362158155776537,980.6552827374812,980.6552827374812,970.9187499993277,975.6375000051776,978.5171874909793,982.6546875046915,999.4656250000844
32-bit,Series,2.5118864315095823e-06,7.6,6.670862420626536e-16,15.613934616829996,15.613934616829996,15.07333984385184,15.153076171836588,15.186401367106583,15.501611328128106,19.217309570329633
32-bit,Gauss-Legendre,2.5118864315095823e-06,7.6,0.9985754039427845,739.8754464279565,739.8754464279565,729.2328125032554,735.8921874995872,736.9359374962414,739.1718749971687,758.661718748499
32-bit,QAGS,2.5118864315095823e-06,7.6,0.00019362158155776537,992.5514136922076,992.5514136922076,967.2749999936059,976.8624999964004,980.1156249977794,991.6546875103904,1076.9390625000597
64-bit,Series,2.5118864315095823e-06,8.2,6.744818766752725e-16,16.607586960548122,16.607586960548122,16.153222656134503,16.29121093760233,16.372583007795427,16.4655273438008,17.89721679679168
64-bit,Gauss-Legendre,2.5118864315095823e-06,8.2,0.9990484762971472,742.1956845228177,742.1956845228177,728.4046875000172,733.3320312454816,739.0609374979817,742.0539062508169,788.2835937493837
64-bit,QAGS,2.5118864315095823e-06,8.2,1.1342103077254119e-07,593.4480654757192,593.4480654757192,585.5617187506823,589.2062500052475,591.7078125037278,595.4296875003706,607.1875000017712
32-bit,Series,2.5118864315095823e-06,8.2,6.744818766752725e-16,15.568808128728154,15.568808128728154,15.04782714856212,15.234033203137543,15.257275390645475,15.438574218595846,18.890014648498266
32-bit,Gauss-Legendre,2.5118864315095823e-06,8.2,0.9990484762971472,755.8024181541952,755.8024181541952,732.6445312472174,735.0835937458555,740.2937499989548,767.6734375010597,896.2398437475372
32-bit,QAGS,2.5118864315095823e-06,8.2,1.1342103077254119e-07,593.1207589288164,593.1207589288164,583.6499999958278,587.6460937486172,590.4531249996126,594.120312499058,627.0726562505047
64-bit,Series,2.5118864315095823e-06,8.8,6.808690156588991e-16,16.5833356584705,16.5833356584705,16.072827148327917,16.264257812537153,16.338574218677238,16.45642089842525,18.256225585933095
64-bit,Gauss-Legendre,2.5118864315095823e-06,8.8,0.9993491225117204,743.8251488093242,743.8251488093242,729.8085937463838,734.0773437434223,738.4914062527059,742.4937499962425,789.4937499983712
64-bit,QAGS,2.5118864315095823e-06,8.8,8.519505000195447e-08,607.2597842254996,607.2597842254996,586.323437502756,589.5390625028085,594.1734374985685,602.742968752068,786.7187500067985
32-bit,Series,2.5118864315095823e-06,8.8,6.808690156588991e-16,15.2046805245218,15.2046805245218,15.061962890472458,15.128564452959736,15.179931640574296,15.26274414054285,15.42504882823259
32-bit,Gauss-Legendre,2.5118864315095823e-06,8.8,0.9993491225117204,745.7770461305996,745.7770461305996,729.602343746194,735.0312499951883,739.2695312518072,749.6437499980857,792.78515624992
32-bit,QAGS,2.5118864315095823e-06,8.8,8.519505000195447e-08,597.0056547624159,597.0056547624159,581.1937500013187,588.4593750025147,591.3968750022036,594.3234374967687,652.4437499990654
64-bit,Series,2.5118864315095823e-06,9.4,8.008475710641096e-16,17.90932849700587,17.90932849700587,16.12695312491752,16.230102539038782,16.393066406328316,18.71684570331489,26.327734375053424
64-bit,Gauss-Legendre,2.5118864315095823e-06,9.4,0.9995450478122184,767.3977678558956,767.3977678558956,729.4390624963398,741.9531250008049,756.4968750131129,783.4140624964903,837.2937499956379
64-bit,QAGS,2.5118864315095823e-06,9.4,5.991341554582786e-08,613.0677455348497,613.0677455348497,587.9898437441966,592.1218750017943,600.0656250009229,615.1945312495855,700.4273437445363
32-bit,Series,2.5118864315095823e-06,9.4,8.008475710641096e-16,15.566970098555643,15.566970098555643,15.177880859251758,15.28266601558137,15.377270507599405,15.908911132678227,16.275585937419734
32-bit,Gauss-Legendre,2.5118864315095823e-06,9.4,0.9995450478122184,774.6026785712598,774.6026785712598,739.8999999992384,754.6718750006676,770.0265624919211,791.3937499921531,835.793749999425
32-bit,QAGS,2.5118864315095823e-06,9.4,5.991341554582786e-08,638.7779389885936,638.7779389885936,589.3249999999739,598.7398437525826,622.1445312490914,666.9234374996336,790.5679687496558
64-bit,Series,2.5118864315095823e-06,10.0,1.1522398726534146e-16,16.98814987909147,16.98814987909147,15.584838867210848,16.034497070327447,16.297583007807148,17.247045898338698,22.721289062443972
64-bit,Gauss-Legendre,2.5118864315095823e-06,10.0,0.9996756779541217,832.3145089277552,832.3145089277552,780.0218750020349,798.1062500022063,806.5749999985883,852.8687500017895,1031.1703125012173
64-bit,QAGS,2.5118864315095823e-06,10.0,3.7790303311445746e-08,605.5290550597599,605.5290550597599,587.1625000040126,593.1179687550525,597.1718750004129,607.6234375029799,661.2749999987955
32-bit,Series,2.5118864315095823e-06,10.0,1.1522398726534146e-16,16.224290829628767,16.224290829628767,14.279785156112723,14.769458007934944,15.442553710887097,16.07136230474815,24.918847656207888
32-bit,Gauss-Legendre,2.5118864315095823e-06,10.0,0.9996756779541217,879.8341517840906,879.8341517840906,802.9640625011325,853.7468749949539,871.7796875004069,900.3687499955504,1020.5781249936763
32-bit,QAGS,2.5118864315095823e-06,10.0,3.7790303311445746e-08,677.3195684523953,677.3195684523953,619.9609375059367,639.8999999959187,659.0539062543144,691.3671874997362,869.7945312476918
64-bit,Series,6.30957344480193e-06,1.0,6.830677960139392e-08,19.74568568640671,19.74568568640671,17.10878906235891,18.112915038948074,19.234667968826002,20.3737548829519,26.332128906458863
64-bit,Gauss-Legendre,6.30957344480193e-06,1.0,0.02495338246112548,602.1331473222277,602.1331473222277,549.9351562505694,555.0031250010079,585.3328124985069,596.5578125000093,773.6906250030984
64-bit,QAGS,6.30957344480193e-06,1.0,2.1423417446649881e-16,1301.4319196442905,1301.4319196442905,1194.7078125018606,1246.5578125073762,1277.362500005097,1338.545312506767,1541.3890625097793
32-bit,Series,6.30957344480193e-06,1.0,6.833955807278982e-08,18.02780064174585,18.02780064174585,16.62290039061709,16.844628906165227,17.81647949217202,18.773168945385166,20.64321289063642
32-bit,Gauss-Legendre,6.30957344480193e-06,1.0,0.02495338246112548,580.1340401801338,580.1340401801338,551.8851562484883,561.1203124971098,567.1085937493103,585.3617187554505,672.5148437496387
32-bit,QAGS,6.30957344480193e-06,1.0,0.0,641.9286086315742,641.9286086315742,622.9335937533165,632.6273437480268,637.7734374964916,646.3914062493359,670.1843749965519
64-bit,Series,6.30957344480193e-06,1.6,0.0,16.492565336661308,16.492565336661308,15.917089843719978,16.091455078193206,16.37590332026484,16.847509765494095,17.656274414079576
64-bit,Gauss-Legendre,6.30957344480193e-06,1.6,0.1747619752178223,799.3342633936674,799.3342633936674,742.5515624959189,752.9960937517899,776.6851562465149,791.1750000033635,1038.4195312482802
64-bit,QAGS,6.30957344480193e-06,1.6,1.0000009250054311,775.6736979164289,775.6736979164289,737.8945312552787,748.7156250007843,765.8554687495212,777.5554687512454,897.3320312506416
32-bit,Series,6.30957344480193e-06,1.6,1.2174525474165488e-16,15.607202148437693,15.607202148437693,14.958227539052515,15.185913085913327,15.471582031301168,15.646313476391782,18.98217773455002
32-bit,Gauss-Legendre,6.30957344480193e-06,1.6,0.1747619752178223,771.056473214214,771.056473214214,744.8093749999884,748.1250000012096,764.1703125003119,793.4789062531422,824.7570312462926
32-bit,QAGS,6.30957344480193e-06,1.6,1.0000009250054311,575.9027529783738,575.9027529783738,556.6265624992184,565.7843750057623,572.1726562484264,589.7890625021773,607.6218750052931
64-bit,Series,6.30957344480193e-06,2.2,1.7708384295855963e-16,16.77623000367625,16.77623000367625,16.396606445256978,16.63386230466024,16.69392089831412,16.872265624856553,17.462915039123672
64-bit,Gauss-Legendre,6.30957344480193e-06,2.2,0.155509268287233,771.5997767859119,771.5997767859119,741.8203124984757,754.2109375009431,760.9703125126543,789.9999999949614,816.3890624928172
64-bit,QAGS,6.30957344480193e-06,2.2,2.5991750040600045e-08,771.0842261905966,771.0842261905966,730.4765624951415,756.6812499959497,772.8312500034917,783.8890625038175,817.7796875088461
32-bit,Series,6.30957344480193e-06,2.2,1.7708384295855963e-16,16.08445754278495,16.08445754278495,15.43410644511134,15.63588867203869,15.813647460838354,15.948217773509299,21.049218749791265
32-bit,Gauss-Legendre,6.30957344480193e-06,2.2,0.155509268287233,768.3644345233699,768.3644345233699,744.4765625024274,750.904687507159,762.7390625088992,788.7703124964673,805.871874987929
32-bit,QAGS,6.30957344480193e-06,2.2,2.5991750040600045e-08,761.4033110115095,761.4033110115095,738.1867187490343,742.2515624995185,752.646093744147,756.5093750017127,890.1031250019287
64-bit,Series,6.30957344480193e-06,2.8,2.0870595775207762e-16,16.808475167389997,16.808475167389997,16.372778320450365,16.567919921772756,16.782421874861342,16.938549804779157,17.5609863279913
64-bit,Gauss-Legendre,6.30957344480193e-06,2.8,0.08250429064032458,764.3571800596219,764.3571800596219,740.9656249990348,750.7148437468913,756.9820312482989,767.4328125020224,856.3976562498965
64-bit,QAGS,6.30957344480193e-06,2.8,3.282944715440181e-12,961.5397321427042,961.5397321427042,876.114062506872,914.8124999995844,931.7359374989564,949.4374999974298,1247.0875000047954
32-bit,Series,6.30957344480193e-06,2.8,2.0870595775207762e-16,15.827794828909047,15.827794828909047,15.319165039162641,15.588256835785685,15.656249999995708,16.179052734432986,16.848559570403765
32-bit,Gauss-Legendre,6.30957344480193e-06,2.8,0.08250429064032458,781.9886160716362,781.9886160716362,748.1867187522084,752.8929687481423,773.7343750022774,802.5242187486015,851.0023437509062
32-bit,QAGS,6.30957344480193e-06,2.8,3.282944715440181e-12,966.640401785634,966.640401785634,880.2781249954705,916.3359374895208,959.0531250012191,975.4390625005271,1197.7781250038788
64-bit,Series,6.30957344480193e-06,3.4,0.0,16.999511718729902,16.999511718729902,16.316845703245875,16.678100585920674,16.895043945197585,17.079589843760346,18.404809570160552
64-bit,Gauss-Legendre,6.30957344480193e-06,3.4,0.0034254632714212385,769.4213169637281,769.4213169637281,747.2789062461516,751.0914062436314,753.1062499950281,760.6140625000535,936.1117187509649
64-bit,QAGS,6.30957344480193e-06,3.4,4.933628781146986e-12,632.3167782734831,632.3167782734831,598.7156249958048,609.8046874996044,627.4734375040225,636.7218749971926,801.1046875040506
32-bit,Series,6.30957344480193e-06,3.4,0.0,15.704522414389512,15.704522414389512,15.323022460878022,15.605493164150275,15.740795898278037,15.825732421870242,15.984790038947594
32-bit,Gauss-Legendre,6.30957344480193e-06,3.4,0.0034254632714212385,754.8417782750165,754.8417782750165,742.2703125001817,749.8210937484373,752.5843750002537,760.7679687566815,770.2867187546758
32-bit,QAGS,6.30957344480193e-06,3.4,4.933628781146986e-12,616.1284226185634,616.1284226185634,594.0906249932709,598.9578124996342,604.0523437462753,609.7648437517478,810.8320312558703
64-bit,Series,6.30957344480193e-06,4.0,0.0,17.290137881325897,17.290137881325897,16.738183593822953,17.031396484457062,17.20124511739307,17.57050781248104,18.56159667967816
64-bit,Gauss-Legendre,6.30957344480193e-06,4.0,0.06796049112365282,781.9466517864678,781.9466517864678,738.4812499964255,762.5484375068936,787.7703124989921,793.3468749996564,828.1296875054522
64-bit,QAGS,6.30957344480193e-06,4.0,4.081992866775903e-12,943.3283482158977,943.3283482158977,912.5046875055887,918.0734375036081,922.8031250074764,962.104687502574,1103.3312500074999
32-bit,Series,6.30957344480193e-06,4.0,0.0,15.946072823661934,15.946072823661934,15.241088867190555,15.446850585965066,15.866064453140538,16.319921875007637,17.629980468836237
32-bit,Gauss-Legendre,6.30957344480193e-06,4.0,0.06796049112365282,786.4418154754492,786.4418154754492,745.8507812501125,763.017187495052,777.417187499907,798.5718750020965,929.7070312470623
32-bit,QAGS,6.30957344480193e-06,4.0,4.081992866775903e-12,929.3570684542643,929.3570684542643,912.9296875016735,917.1718750025093,926.0687500045606,934.6171874966558,975.89062499992
64-bit,Series,6.30957344480193e-06,4.6,5.08153636254257e-16,16.97510463169064,16.97510463169064,16.382885742238784,16.71198730468504,16.880273437491766,17.36457519529999,17.64296875017557
64-bit,Gauss-Legendre,6.30957344480193e-06,4.6,0.12906308903725763,761.6650297604466,761.6650297604466,741.6125000005991,750.6492187445701,753.8804687499123,764.9632812487539,829.5765625021545
64-bit,QAGS,6.30957344480193e-06,4.6,4.5663050881250945e-06,533.6852306549694,533.6852306549694,521.1289062501123,527.0515624999916,534.6499999987486,538.058593747337,555.4710937545337
32-bit,Series,6.30957344480193e-06,4.6,5.08153636254257e-16,16.120426432292014,16.120426432292014,15.38425292957335,15.553344726582097,15.79890136715889,16.24624023444099,21.76088867189563
32-bit,Gauss-Legendre,6.30957344480193e-06,4.6,0.12906308903725763,756.2026041664385,756.2026041664385,739.3390624983454,748.9570312486649,753.1656249994967,759.3156249967592,791.9867187524687
32-bit,QAGS,6.30957344480193e-06,4.6,4.5663050881250945e-06,548.0496279764409,548.0496279764409,521.4749999993273,539.1234375053955,550.9921874988777,557.8335937457268,564.0414062497712
64-bit,Series,6.30957344480193e-06,5.2,2.6222030588711155e-16,16.862818545420364,16.862818545420364,16.482324218802802,16.60354003907294,16.7020019530284,16.973852539070577,18.04645996106302
64-bit,Gauss-Legendre,6.30957344480193e-06,5.2,0.18061478239753767,783.0638764880454,783.0638764880454,748.2624999965992,767.7023437508979,788.1132812457281,793.1429687531022,839.4078124993598
64-bit,QAGS,6.30957344480193e-06,5.2,1.1214178400794652e-05,879.2517113100812,879.2517113100812,837.5187500035963,849.9578125054086,855.0328124954376,869.7468749971904,1252.029687506706
32-bit,Series,6.30957344480193e-06,5.2,2.6222030588711155e-16,16.268636067724124,16.268636067724124,15.493310546954575,16.226220703075,16.289648437473048,16.38818359372962,16.569506835928394
32-bit,Gauss-Legendre,6.30957344480193e-06,5.2,0.18061478239753767,779.7440476202783,779.7440476202783,743.0593750115122,769.0218750013855,784.9671874993192,790.9734374891286,818.862500011619
32-bit,QAGS,6.30957344480193e-06,5.2,1.1214178400794652e-05,857.1661458313697,857.1661458313697,839.5125000077996,848.140624995608,851.0593749946338,861.6015624909323,898.7609374884187
64-bit,Series,6.30957344480193e-06,5.8,1.3433946705529007e-16,16.652662295367293,16.652662295367293,16.39995117197479,16.538964843659798,16.612377929714484,16.748583984371734,17.19140624989457
64-bit,Gauss-Legendre,6.30957344480193e-06,5.8,0.22410630969324818,788.0383556541558,788.0383556541558,749.5210937449315,783.5953124981643,789.0617187555904,796.2593750008296,845.0734375031743
64-bit,QAGS,6.30957344480193e-06,5.8,1.709281838045293e-05,878.0608630952917,878.0608630952917,839.7843750032052,851.0437499893442,860.4921874990623,870.4765624969468,1195.0671874956242
32-bit,Series,6.30957344480193e-06,5.8,1.3433946705529007e-16,15.70947963171397,15.70947963171397,15.412182617247083,15.496704101503056,15.718188476565587,15.832617187516718,16.327246093794656
32-bit,Gauss-Legendre,6.30957344480193e-06,5.8,0.22410630969324818,792.5731770824098,792.5731770824098,746.862500001555,752.3749999975848,768.7343750006903,812.377343748949,1036.0046874993145
32-bit,QAGS,6.30957344480193e-06,5.8,1.709281838045293e-05,895.6031994069051,895.6031994069051,882.0812499976682,892.929687509536,893.9093750086613,899.8750000017708,906.2781250008811
64-bit,Series,6.30957344480193e-06,6.3999999999999995,5.47853139084333e-16,17.166395786839487,17.166395786839487,16.458447265499387,16.7006103515277,17.241650390742436,17.42329101550588,18.510717773478902
64-bit,Gauss-Legendre,6.30957344480193e-06,6.3999999999999995,0.2610030301682191,792.3631324402436,792.3631324402436,743.0468749944907,750.949218748076,786.0406250017604,798.1562499992378,965.4296875041268
64-bit,QAGS,6.30957344480193e-06,6.3999999999999995,2.219273177828468e-05,554.6376488102363,554.6376488102363,548.0523437526585,551.8710937550964,554.1382812523921,557.7328124957148,562.7406249999467
32-bit,Series,6.30957344480193e-06,6.3999999999999995,5.47853139084333e-16,15.956758045004579,15.956758045004579,15.261059570281788,15.55527343755081,15.991137695348101,16.266625976424365,16.776025390630167
32-bit,Gauss-Legendre,6.30957344480193e-06,6.3999999999999995,0.2610030301682191,775.0218377977835,775.0218377977835,745.0781250000205,754.585156251153,778.6117187507102,793.017187497469,814.6007812470657
32-bit,QAGS,6.30957344480193e-06,6.3999999999999995,2.219273177828468e-05,536.4394717263718,536.4394717263718,526.8851562476584,531.9203124969363,536.653906252127,538.8734375060267,552.6210937460974
64-bit,Series,6.30957344480193e-06,7.0,1.3913730516417435e-16,17.477666945666556,17.477666945666556,16.17551269528228,16.427050781198105,16.857421875071665,17.453613281315228,22.07578124990839
64-bit,Gauss-Legendre,6.30957344480193e-06,7.0,0.29254515171552964,819.1579613086982,819.1579613086982,746.7874999917967,790.4874999979938,803.5265624926069,823.9921875059508,967.3828125045247
64-bit,QAGS,6.30957344480193e-06,7.0,2.656926782460459e-05,580.7382812489118,580.7382812489118,532.5851562503203,557.0945312456388,567.4421874957147,588.0343749993244,771.2679687443824
32-bit,Series,6.30957344480193e-06,7.0,1.3913730516417435e-16,17.18041875931582,17.18041875931582,15.531567382875977,15.81928710936431,16.982128906439797,17.623388671950124,23.135717773570263
32-bit,Gauss-Legendre,6.30957344480193e-06,7.0,0.29254515171552964,1006.8563244062934,1006.8563244062934,836.1343750067363,906.1171874975571,991.610937504106,1070.0718749916405,1250.8531250006172
32-bit,QAGS,6.30957344480193e-06,7.0,2.656926782460459e-05,613.1421502975816,613.1421502975816,572.8781249985104,598.7757812562222,604.9257812534847,615.3289062496015,718.9953124964177
64-bit,Series,6.30957344480193e-06,7.6,7.048402958970613e-16,19.614343842994895,19.614343842994895,17.32958984379529,18.839111328050606,19.112280273514415,20.077465820333984,23.69357910159131
64-bit,Gauss-Legendre,6.30957344480193e-06,7.6,0.3197311959716212,799.25595238232,799.25595238232,741.6890624938333,777.4124999997412,789.8187500074982,792.4265624978943,1051.4796875042975
64-bit,QAGS,6.30957344480193e-06,7.6,3.0300751077902456e-05,551.0966889892594,551.0966889892594,522.1929687451166,530.5234374972656,534.9492187534111,556.0953125041124,621.8757812490594
32-bit,Series,6.30957344480193e-06,7.6,7.048402958970613e-16,15.60295177638338,15.60295177638338,15.268847656235707,15.496020507876906,15.560913085854722,15.636865234425201,16.70424804678383
32-bit,Gauss-Legendre,6.30957344480193e-06,7.6,0.3197311959716212,767.6162202372439,767.6162202372439,740.0039062517294,746.9242187525538,755.129687497913,768.9132812487287,894.2476562481261
32-bit,QAGS,6.30957344480193e-06,7.6,3.0300751077902456e-05,535.4786086301931,535.4786086301931,519.2851562512146,527.4023437493724,534.6523437452788,541.2257812551502,554.9875000028237
64-bit,Series,6.30957344480193e-06,8.2,7.126544898645511e-16,16.617451404413043,16.617451404413043,16.31960449222092,16.47993164066719,16.592529296977077,16.739355468864403,17.021166992314818
64-bit,Gauss-Legendre,6.30957344480193e-06,8.2,0.3433518779788011,767.4724702392647,767.4724702392647,740.3882812511142,745.5039062520541,758.7476562491702,779.2062500016073,858.0226562457938
64-bit,QAGS,6.30957344480193e-06,8.2,3.3469137609985345e-05,553.6323660709828,553.6323660709828,532.4414062499727,541.2804687452422,553.6906250043216,560.9328125046886,582.303906256243
32-bit,Series,6.30957344480193e-06,8.2,7.126544898645511e-16,16.639876302097854,16.639876302097854,15.29604492178649,15.773364257842815,16.04963378909474,16.688769531425507,21.512500000042678
32-bit,Gauss-Legendre,6.30957344480193e-06,8.2,0.3433518779788011,749.2993303565803,749.2993303565803,741.1109374970692,745.4171875025395,746.3624999957119,751.261718747287,766.6179687504382
32-bit,QAGS,6.30957344480193e-06,8.2,3.3469137609985345e-05,528.9024925596257,528.9024925596257,519.3187499941132,524.9398437499053,528.9265625023631,533.5328124971284,536.4968750001253
64-bit,Series,6.30957344480193e-06,8.8,1.4388062238547812e-16,16.78915434338053,16.78915434338053,16.151489257820728,16.53413085933586,16.64350585928176,16.948681640593932,17.654125976651613
64-bit,Gauss-Legendre,6.30957344480193e-06,8.8,0.3640316342119264,792.87689732121,792.87689732121,745.9632812540917,772.7765624991889,783.3460937476389,798.8679687542799,938.5554687497688
64-bit,QAGS,6.30957344480193e-06,8.8,3.615155058608038e-05,1006.4444940477794,1006.4444940477794,970.7484374956721,992.5640624999232,1004.1140624963418,1011.1953125004902,1087.8265624967298
32-bit,Series,6.30957344480193e-06,8.8,1.4388062238547812e-16,15.978930664068125,15.978930664068125,15.521874999979701,15.7135986329493,16.003247070406346,16.266235351558578,16.581445312358056
32-bit,Gauss-Legendre,6.30957344480193e-06,8.8,0.3640316342119264,867.2221354175457,867.2221354175457,757.6109375051487,794.3632812441592,864.9617187543868,900.9984375012436,1099.0664062546784
32-bit,QAGS,6.30957344480193e-06,8.8,3.615155058608038e-05,1161.8978422619973,1161.8978422619973,998.3968749907035,1084.1234374936448,1150.3109375041731,1243.6843749981108,1377.0812499984686
64-bit,Series,6.30957344480193e-06,9.4,7.252902077694474e-16,18.62214704241252,18.62214704241252,17.353369140771235,17.566284179704184,17.86572265616293,18.99982910158471,23.04892578131046
64-bit,Gauss-Legendre,6.30957344480193e-06,9.4,0.3822653310473896,855.5748511907625,855.5748511907625,775.5343749948906,807.2031250065947,857.9500000109874,888.7390624892078,1068.3999999940852
64-bit,QAGS,6.30957344480193e-06,9.4,3.8417057355569806e-05,581.5351562493528,581.5351562493528,533.3679687495874,547.1382812487491,570.4421874952459,597.2898437462959,779.8101562528359
32-bit,Series,6.30957344480193e-06,9.4,7.252902077694474e-16,17.81703404016685,17.81703404016685,16.23688964835779,16.992163085927103,17.39118652333005,18.221386718808574,20.29641113288072
32-bit,Gauss-Legendre,6.30957344480193e-06,9.4,0.3822653310473896,788.1642857133404,788.1642857133404,751.6468750026206,767.5515624896434,791.7484374928563,797.8843750038322,900.5109374982112
32-bit,QAGS,6.30957344480193e-06,9.4,3.8417057355569806e-05,579.8995163682922,579.8995163682922,519.8937500026091,538.0679687476686,562.0398437500285,614.5867187541398,656.153125000003
64-bit,Series,6.30957344480193e-06,10.0,4.382825112662768e-16,17.45440615701683,17.45440615701683,16.408691406288867,16.767871093614772,17.163989257884538,17.932885742144578,20.353149414065186
64-bit,Gauss-Legendre,6.30957344480193e-06,10.0,0.3984476810101336,788.7828869062981,788.7828869062981,744.5125000060671,767.2203124968746,787.4218750032469,804.6250000006694,870.3546875068469
64-bit,QAGS,6.30957344480193e-06,10.0,4.032592861099131e-05,539.6534970240433,539.6534970240433,523.2664062546633,533.212500002378,539.8414062511847,549.8328124957652,555.0359375021685
32-bit,Series,6.30957344480193e-06,10.0,4.382825112662768e-16,15.16788853238106,15.16788853238106,14.229687500089128,14.870483398432555,15.195996093897435,15.34824218740738,16.256933593750134
32-bit,Gauss-Legendre,6.30957344480193e-06,10.0,0.3984476810101336,765.6564360123937,765.6564360123937,746.1828124988301,754.303124999467,758.4679687511198,769.7867187488328,842.5367187498978
32-bit,QAGS,6.30957344480193e-06,10.0,4.032592861099131e-05,555.8400669635992,555.8400669635992,529.8492187506554,551.3742187517323,557.0640624981138,564.6796874998472,579.212499999926
64-bit,Series,1.584893192461114e-05,1.0,3.854039375105518e-08,17.642287481419874,17.642287481419874,17.055322265591144,17.331958007682502,17.62480468747718,18.0027343750222,18.367187500034632
64-bit,Gauss-Legendre,1.584893192461114e-05,1.0,0.010358542040352164,594.0691964281899,594.0691964281899,558.9195312438733,585.5476562501849,590.99140624852,595.6398437518828,706.5601562530333
64-bit,QAGS,1.584893192461114e-05,1.0,2.9396366129170464e-16,1078.06986607156,1078.06986607156,1007.4703125013684,1027.959375008436,1052.976562490926,1142.6109375065607,1210.998437500166
32-bit,Series,1.584893192461114e-05,1.0,3.8504920274156124e-08,17.447412109368923,17.447412109368923,15.642846679764233,16.153491211090554,16.776953124963967,18.213500976527186,23.095727539113042
32-bit,Gauss-Legendre,1.584893192461114e-05,1.0,0.010358542040352164,575.2942708339571,575.2942708339571,554.3304687520845,565.3445312461258,576.2570312484172,586.0070312522225,598.3976562475846
32-bit,QAGS,1.584893192461114e-05,1.0,1.4698183064585232e-16,607.4706845231909,607.4706845231909,589.3570312451857,596.2617187478259,603.5374999981968,620.2093750005133,632.0195312525811
64-bit,Series,1.584893192461114e-05,1.6,0.0,16.331558082222347,16.331558082222347,15.752490234444139,16.04492187512463,16.267333984298915,16.54387207028485,17.18591308597084
64-bit,Gauss-Legendre,1.584893192461114e-05,1.6,0.12288308371627896,775.5807663693574,775.5807663693574,748.0671874944278,755.4429687530728,763.577343754207,791.3726562520651,836.1898437456716
64-bit,QAGS,1.584893192461114e-05,1.6,2.4786387023865617e-09,716.3408482142586,716.3408482142586,698.3203125017212,703.7507812484023,713.155468751836,725.038281252921,753.1156250024651
32-bit,Series,1.584893192461114e-05,1.6,4.630886071232179e-16,15.82618698847682,15.82618698847682,15.103881835898392,15.43842773443771,15.925732421928629,16.12285156249449,16.822509765646032
32-bit,Gauss-Legendre,1.584893192461114e-05,1.6,0.12288308371627896,770.831770832983,770.831770832983,745.1046875033285,755.5867187534204,769.6601562514616,774.5117187454298,847.3156250019542
32-bit,QAGS,1.584893192461114e-05,1.6,2.4786387023865617e-09,538.4011160712378,538.4011160712378,522.5046874954842,530.5250000020578,537.7546874996142,545.0312499988286,556.3656250018312
64-bit,Series,1.584893192461114e-05,2.2,2.24527181931636e-16,18.831320917025334,18.831320917025334,17.502148437431586,18.463696288995024,18.77187499998989,19.169555664166893,20.448315429799635
64-bit,Gauss-Legendre,1.584893192461114e-05,2.2,0.2200717348409603,890.6158482143868,890.6158482143868,806.7124999939779,848.2031249883448,887.6015625105538,897.4765624998327,1103.2140625104603
64-bit,QAGS,1.584893192461114e-05,2.2,9.235635988693156e-10,575.6361607142577,575.6361607142577,548.1257812505191,556.6226562550014,561.7023437523017,573.9554687522741,727.1507812447453
32-bit,Series,1.584893192461114e-05,2.2,2.24527181931636e-16,16.53929734002886,16.53929734002886,15.479248046679217,16.374072265623596,16.477246093771214,16.75881347651398,18.484570312615745
32-bit,Gauss-Legendre,1.584893192461114e-05,2.2,0.2200717348409603,873.3122767848403,873.3122767848403,782.5093750000178,827.5281250007538,869.4953125001348,920.8499999999731,980.7484374988462
32-bit,QAGS,1.584893192461114e-05,2.2,9.235635988693156e-10,566.2463913685385,566.2463913685385,536.4874999997937,551.7437500017763,554.5460937526059,560.8156250005436,776.0585937504061
64-bit,Series,1.584893192461114e-05,2.8,1.3231066069956642e-16,17.179968842989403,17.179968842989403,16.32519531247212,16.776708984256317,17.11962890627028,17.51491699231167,18.510742187505258
64-bit,Gauss-Legendre,1.584893192461114e-05,2.8,0.29720326391738267,766.5105654762696,766.5105654762696,735.5265624937601,751.9078125000078,762.3531249976168,778.3374999945636,828.4656250054923
64-bit,QAGS,1.584893192461114e-05,2.8,1.8035901251129257e-10,533.4642113094137,533.4642113094137,522.0031249990598,528.0992187550737,532.7531250003403,534.9585937537427,557.284374998801
32-bit,Series,1.584893192461114e-05,2.8,1.3231066069956642e-16,16.018927873898,16.018927873898,15.383203124885725,15.491870117179118,15.728686523441837,15.929296875105692,18.258569336015995
32-bit,Gauss-Legendre,1.584893192461114e-05,2.8,0.29720326391738267,750.1077008926349,750.1077008926349,740.0640625050414,747.380468745007,748.9976562453649,751.6218749969994,763.4343750027028
32-bit,QAGS,1.584893192461114e-05,2.8,1.8035901251129257e-10,531.2683035710176,531.2683035710176,524.3187500028057,527.1976562539749,528.8804687495485,533.2210937467607,552.9609374974598
64-bit,Series,1.584893192461114e-05,3.4,4.358468822653542e-16,17.64197707400582,17.64197707400582,16.31057128914648,16.64338378914998,17.53322753894615,18.857104492120413,19.637597656219086
64-bit,Gauss-Legendre,1.584893192461114e-05,3.4,0.35837282402333787,853.2523065493283,853.2523065493283,787.0703124979173,826.0828125088437,854.7031250003556,875.2609375051179,975.4187500021771
64-bit,QAGS,1.584893192461114e-05,3.4,9.055227467092042e-11,558.7117931540319,558.7117931540319,519.954687497659,535.4140624973525,553.8390624977296,568.8851562482,635.5124999970485
32-bit,Series,1.584893192461114e-05,3.4,4.358468822653542e-16,16.826081194206328,16.826081194206328,15.470141601525711,15.822241210994292,16.287963867211985,16.649633789000973,21.927343750061112
32-bit,Gauss-Legendre,1.584893192461114e-05,3.4,0.35837282402333787,848.7237351175735,848.7237351175735,749.2734374920929,792.1890625084416,818.2265624867568,855.6515625031125,1247.8953125025782
32-bit,QAGS,1.584893192461114e-05,3.4,9.055227467092042e-11,615.8867187503839,615.8867187503839,554.8000000032971,569.3124999979204,599.6492187492208,630.555468745797,759.3609375007304
64-bit,Series,1.584893192461114e-05,4.0,0.0,18.918307059081908,18.918307059081908,17.29448242171472,17.93425292961892,18.13981933596054,19.06484374991635,25.162133789002894
64-bit,Gauss-Legendre,1.584893192461114e-05,4.0,0.4071092100177217,812.7700892834982,812.7700892834982,747.8656250015092,799.8656249981195,807.1953125039499,828.817187496611,877.4187500080188
64-bit,QAGS,1.584893192461114e-05,4.0,3.1617101018524235e-10,570.4933407738534,570.4933407738534,524.5695312510179,551.1085937541793,562.1250000018563,577.3515625051573,641.1195312523432
32-bit,Series,1.584893192461114e-05,4.0,0.0,16.43371814542496,16.43371814542496,15.495776367169256,16.015307617189833,16.434570312418018,16.57138671862235,17.594677734544817
32-bit,Gauss-Legendre,1.584893192461114e-05,4.0,0.4071092100177217,804.8309895835631,804.8309895835631,786.6507812508416,792.5664062469195,797.5976562519804,804.610937500172,917.5539062482585
32-bit,QAGS,1.584893192461114e-05,4.0,3.1617101018524235e-10,584.0906622035885,584.0906622035885,553.846093751531,562.4742187464449,571.1109374999523,584.0820312528194,760.2851562538149
64-bit,Series,1.584893192461114e-05,4.6,1.6107384778482557e-16,17.340076264860116,17.340076264860116,16.630419921837003,17.032202148437037,17.40605468758538,17.683105468790927,17.834790039028547
64-bit,Gauss-Legendre,1.584893192461114e-05,4.6,0.44629179055256335,806.1053571424283,806.1053571424283,756.7851562484407,782.2109375013042,797.0968750043994,809.3945312523942,972.2867187491602
64-bit,QAGS,1.584893192461114e-05,4.6,5.727172335868336e-10,874.2788690476625,874.2788690476625,841.0546874983993,855.2265624928168,866.515625006059,877.2187500056816,1023.3234374936728
32-bit,Series,1.584893192461114e-05,4.6,1.6107384778482557e-16,16.807841564368093,16.807841564368093,15.522949218915727,16.342822265702495,16.48972167966889,16.78425292972463,20.628076171869125
32-bit,Gauss-Legendre,1.584893192461114e-05,4.6,0.44629179055256335,791.4886160720123,791.4886160720123,749.6328125000673,784.3046874995707,789.3000000080974,797.5484375037922,924.9562500031061
32-bit,QAGS,1.584893192461114e-05,4.6,5.727172335868336e-10,928.3335565448797,928.3335565448797,852.2687499947779,893.2703125026364,898.8406249983427,965.1468749893866,1211.2578124998663
64-bit,Series,1.584893192461114e-05,5.2,1.6623647110925475e-16,17.7176792689735,17.7176792689735,16.78176269526155,17.432739257694507,17.598852539046916,17.966967773341835,19.377416992316654
64-bit,Gauss-Legendre,1.584893192461114e-05,5.2,0.47815440698260203,783.545424107772,783.545424107772,751.0070312477524,757.9687500012255,776.1140624964469,800.4703124981916,872.8117187501994
64-bit,QAGS,1.584893192461114e-05,5.2,8.280775569753662e-10,547.382626488156,547.382626488156,529.3124999994347,538.152343750653,549.4179687488554,557.5304687468474,564.4414062473402
32-bit,Series,1.584893192461114e-05,5.2,1.6623647110925475e-16,16.0549630301432,16.0549630301432,15.42854003910854,15.82395019528171,16.058740234470292,16.318603515586005,16.706567382840376
32-bit,Gauss-Legendre,1.584893192461114e-05,5.2,0.47815440698260203,792.8697544641528,792.8697544641528,754.3921875026172,770.639062494638,789.4398437500172,798.6171875060677,988.9812500034623
32-bit,QAGS,1.584893192461114e-05,5.2,8.280775569753662e-10,536.4765625004219,536.4765625004219,524.4796875061297,529.4421875063904,533.511718749935,537.8749999991328,577.7187500015657
64-bit,Series,1.584893192461114e-05,5.8,3.4066193094028847e-16,17.093947637666517,17.093947637666517,16.591259765608157,16.861694335901234,17.071679687674646,17.272705078230643,17.569604492173596
64-bit,Gauss-Legendre,1.584893192461114e-05,5.8,0.5043837800787431,790.064620535499,790.064620535499,753.6195312525251,768.9523437548473,785.4804687497108,806.5757812474317,850.157031251797
64-bit,QAGS,1.584893192461114e-05,5.8,1.0458929361413584e-09,897.7935267866077,897.7935267866077,853.181250008106,878.0421874945432,894.8500000087733,910.6999999914933,990.7421875112732
32-bit,Series,1.584893192461114e-05,5.8,3.4066193094028847e-16,16.40566638767232,16.40566638767232,15.516162109374676,16.00124511713652,16.188110351755824,16.27050781261019,21.685449218766806
32-bit,Gauss-Legendre,1.584893192461114e-05,5.8,0.5043837800787431,775.0843377979642,775.0843377979642,743.7054687500222,758.4976562498014,774.8101562512488,787.7601562498171,814.4554687490313
32-bit,QAGS,1.584893192461114e-05,5.8,1.0458929361413584e-09,896.9133928570187,896.9133928570187,879.1890625019505,891.0984374921327,897.8921874955859,903.0718750011602,916.4406250050661
64-bit,Series,1.584893192461114e-05,6.3999999999999995,1.7365774213843942e-16,16.828147088899737,16.828147088899737,16.413916015700636,16.622167968716184,16.728271484467427,17.12341308590659,17.506860351623743
64-bit,Gauss-Legendre,1.584893192461114e-05,6.3999999999999995,0.5262403138329023,770.9985491068833,770.9985491068833,742.2726562538173,753.7195312465883,759.6992187473006,788.3234375043457,820.7289062553969
64-bit,QAGS,1.584893192461114e-05,6.3999999999999995,0.00013926307302914042,818.6154761888463,818.6154761888463,776.5765625009635,784.7765624973135,792.3453125044944,816.6140624865648,1156.7890625059363
32-bit,Series,1.584893192461114e-05,6.3999999999999995,1.7365774213843942e-16,16.123665364610133,16.123665364610133,15.319165039162641,15.668237304700128,15.840576171877174,15.943774414273193,21.52509765629418
32-bit,Gauss-Legendre,1.584893192461114e-05,6.3999999999999995,0.5262403138329023,772.7275297636452,772.7275297636452,743.7726562500302,756.8078125004263,763.4812499972554,791.7476562511183,807.4882812536543
32-bit,QAGS,1.584893192461114e-05,6.3999999999999995,0.00013926307302914042,819.233779763197,819.233779763197,807.000000008884,813.2499999931042,818.3749999943757,822.3828125011323,850.5281249995278
64-bit,Series,1.584893192461114e-05,7.0,1.764142142350693e-16,16.601625278997574,16.601625278997574,16.23481445323094,16.495971679519883,16.598974609483008,16.77805175792635,17.017626952942067
64-bit,Gauss-Legendre,1.584893192461114e-05,7.0,0.5446655936328998,791.6335565474647,791.6335565474647,749.9593749997757,762.0976562563442,771.4992187501934,800.2812500009782,894.6742187490031
64-bit,QAGS,1.584893192461114e-05,7.0,0.00022471021103926935,480.63761160594123,480.63761160594123,454.71484374814963,468.7117187529566,477.423437494906,484.4398437455766,531.2976562450444
32-bit,Series,1.584893192461114e-05,7.0,1.764142142350693e-16,15.403400530157793,15.403400530157793,15.090795898453635,15.186376953302272,15.353295898412611,15.487158203209006,16.40390625001764
32-bit,Gauss-Legendre,1.584893192461114e-05,7.0,0.5446655936328998,781.7117931550465,781.7117931550465,743.6906250006814,764.4835937483663,780.8929687556088,801.502343747984,823.1859374987494
32-bit,QAGS,1.584893192461114e-05,7.0,0.00022471021103926935,477.4234747016306,477.4234747016306,456.0164062468175,466.53359375170567,481.54296874969305,484.4546875020228,510.53671874967677
64-bit,Series,1.584893192461114e-05,7.6,8.936772694770784e-16,16.941229538695403,16.941229538695403,16.27221679689761,16.57150878919822,16.75073242202174,17.28034667980438,18.62377929695569
64-bit,Gauss-Legendre,1.584893192461114e-05,7.6,0.5603669711717794,803.9184523827965,803.9184523827965,746.8828125070104,777.1374999947511,787.4953125082129,806.0250000028191,1063.7546874932013
64-bit,QAGS,1.584893192461114e-05,7.6,0.000306686507694451,947.5617559495558,947.5617559495558,896.7171875013946,934.1296874936234,944.1937500014319,953.6421874969392,1003.031249993569
32-bit,Series,1.584893192461114e-05,7.6,8.936772694770784e-16,16.038811383963953,16.038811383963953,15.486010742193912,15.763378906186176,15.909399414093528,16.22468261719412,17.301342773334838
32-bit,Gauss-Legendre,1.584893192461114e-05,7.6,0.5603669711717794,767.0038690468757,767.0038690468757,747.2890624953266,756.5343750002285,764.3851562448845,769.2523437512477,803.1554687519815
32-bit,QAGS,1.584893192461114e-05,7.6,0.000306686507694451,936.4812499993171,936.4812499993171,919.103124999765,928.5265625038619,935.0765624986934,942.5343749995818,971.575000008329
64-bit,Series,1.584893192461114e-05,8.2,5.421509998408449e-16,17.14227934339407,17.14227934339407,16.4846435546373,16.884252929560972,17.12397460940096,17.50461425786831,17.85888671879121
64-bit,Gauss-Legendre,1.584893192461114e-05,8.2,0.5738805255394558,803.3433035721027,803.3433035721027,759.4195312563556,786.2710937516226,793.8765624970756,802.2257812498879,950.6968750017109
64-bit,QAGS,1.584893192461114e-05,8.2,0.0003848911008198069,471.0700892859775,471.0700892859775,452.2374999993417,455.4406250036891,462.15781250680266,472.15234374675674,550.6968749955377
32-bit,Series,1.584893192461114e-05,8.2,5.421509998408449e-16,15.865618024563892,15.865618024563892,15.219067382776785,15.639648437426601,15.788012695194809,16.229272460810407,16.440161132891262
32-bit,Gauss-Legendre,1.584893192461114e-05,8.2,0.5738805255394558,761.4770833333481,761.4770833333481,738.0124999940563,750.857812505501,759.2171875074882,773.6109375002798,787.9843749947213
32-bit,QAGS,1.584893192461114e-05,8.2,0.0003848911008198069,473.4251488092885,473.4251488092885,454.62187500078244,459.3765625031665,472.8546875014672,481.70703124839065,520.6828124997287
64-bit,Series,1.584893192461114e-05,8.8,5.472850055198517e-16,17.664484514499193,17.664484514499193,16.39665527330969,17.16684570318705,17.432397461103477,17.65671386722012,22.37543945304843
64-bit,Gauss-Legendre,1.584893192461114e-05,8.8,0.5856167770289219,776.8623139879439,776.8623139879439,752.1070312535016,756.2781249959016,769.9078125043002,794.031250002547,808.9640625001948
64-bit,QAGS,1.584893192461114e-05,8.8,0.0004592479905267912,467.84453124969014,467.84453124969014,452.72500000237414,459.5898437500523,464.5632812554368,472.50078124960737,499.6585937462328
32-bit,Series,1.584893192461114e-05,8.8,5.472850055198517e-16,15.979514276464629,15.979514276464629,15.358911132912212,15.738793945230256,15.8588867187337,16.288476562431597,16.680029296889387
32-bit,Gauss-Legendre,1.584893192461114e-05,8.8,0.5856167770289219,773.2041666665439,773.2041666665439,742.2203125031501,752.2632812495544,760.9976562505949,787.6874999936945,859.6968749969847
32-bit,QAGS,1.584893192461114e-05,8.8,0.0004592479905267912,482.5632812502552,482.5632812502552,451.6812499986145,463.7882812517091,481.9632812527175,484.8000000023944,591.3242187531864
64-bit,Series,1.584893192461114e-05,9.4,1.8392120207286167e-16,17.107914806537732,17.107914806537732,16.527465820148635,16.756835937492554,17.009375000043292,17.412500000091313,17.992065429517368
64-bit,Gauss-Legendre,1.584893192461114e-05,9.4,0.5958935800729763,779.3867559516884,779.3867559516884,743.8476562455776,757.9539062447793,763.2703124968998,799.4328124993899,871.7351562523845
64-bit,QAGS,1.584893192461114e-05,9.4,0.0005298122506976639,961.158035714166,961.158035714166,914.1593750001675,952.7484374984851,967.1328125051559,978.1906250054817,993.5046875000353
32-bit,Series,1.584893192461114e-05,9.4,1.8392120207286167e-16,16.150289481056017,16.150289481056017,15.385351562535732,15.877148437537514,16.149414062471834,16.338159179785094,17.904516601552345
32-bit,Gauss-Legendre,1.584893192461114e-05,9.4,0.5958935800729763,780.9302455362131,780.9302455362131,745.2109375023497,760.3257812505149,775.3359374973456,784.8210937524414,944.5703124981719
32-bit,QAGS,1.584893192461114e-05,9.4,0.0005298122506976639,922.608630951399,922.608630951399,908.9499999959116,915.3484375019616,923.0609374952792,926.9359374997066,941.0078125000609
64-bit,Series,1.584893192461114e-05,10.0,1.852349249444963e-16,16.43937058225044,16.43937058225044,15.802929687502854,16.1665283204826,16.517089843848254,16.688085937577313,16.817041015748657
64-bit,Gauss-Legendre,1.584893192461114e-05,10.0,0.6049597844487536,776.438318451951,776.438318451951,745.2343749960733,762.7085937542688,778.0312500003106,791.0742187462461,811.5999999986911
64-bit,QAGS,1.584893192461114e-05,10.0,0.000596713383848064,944.028720236848,944.028720236848,918.054687502945,929.4468749914131,940.2156249933569,953.1359375074544,997.6031250005235
32-bit,Series,1.584893192461114e-05,10.0,1.852349249444963e-16,14.884616815472436,14.884616815472436,14.217016601536514,14.402075195318886,14.650024414031293,14.812060546764982,19.864208984365916
32-bit,Gauss-Legendre,1.584893192461114e-05,10.0,0.6049597844487536,761.548400297957,761.548400297957,747.2015624969686,756.6093750028813,759.8164062514456,764.3210937544609,789.8593750041982
32-bit,QAGS,1.584893192461114e-05,10.0,0.000596713383848064,951.07544642777,951.07544642777,911.118749996831,935.6984375017419,943.4609375063019,966.1046875066859,989.9828124986243
64-bit,Series,3.9810717055349695e-05,1.0,4.466748138014959e-09,17.588069661461386,17.588069661461386,17.035083007765905,17.37687988279113,17.550170898328332,17.75471191400868,18.713867187436506
64-bit,Gauss-Legendre,3.9810717055349695e-05,1.0,0.001386966132398815,588.378236607295,588.378236607295,561.2742187537378,585.9406250010579,589.3960937513043,592.4320312473697,607.8234374982117
64-bit,QAGS,3.9810717055349695e-05,1.0,0.0,636.5410342255018,636.5410342255018,601.5570312456475,621.3226562508112,628.7382812502074,635.3132812506601,782.5328125008468
32-bit,Series,3.9810717055349695e-05,1.0,4.4280967683454096e-09,16.191775948671776,16.191775948671776,15.815991210921254,16.030322265603303,16.191967773471205,16.276562499806246,16.59599609382667
32-bit,Gauss-Legendre,3.9810717055349695e-05,1.0,0.001386966132398815,566.4465029768382,566.4465029768382,550.2179687510989,561.6117187514647,565.4265624954746,569.5414062500959,587.103124999544
32-bit,QAGS,3.9810717055349695e-05,1.0,1.0964985170164774e-14,529.0439732140346,529.0439732140346,519.900781249305,524.8390624998933,526.7828124999596,530.5429687467722,541.8429687509274
64-bit,Series,3.9810717055349695e-05,1.6,0.0,18.10623023622613,18.10623023622613,16.808178710858712,17.031762695296493,17.540698242335395,18.56416015622031,22.14477539053128
64-bit,Gauss-Legendre,3.9810717055349695e-05,1.6,0.015723519337906607,785.5203869052644,785.5203869052644,754.2124999986299,776.2953124910155,788.9031249987966,799.3593750086347,810.7953125033873
64-bit,QAGS,3.9810717055349695e-05,1.6,0.0,1024.2488095219048,1024.2488095219048,952.4984374991163,976.2640625012864,996.8703125053935,1025.1281249935573,1380.3687499915895
32-bit,Series,3.9810717055349695e-05,1.6,1.3700402340397218e-15,16.542251441605977,16.542251441605977,15.897485351690221,16.096264648490788,16.249291992176396,16.47502441404214,19.46796874996437
32-bit,Gauss-Legendre,3.9810717055349695e-05,1.6,0.015723519337906607,797.7593749987341,797.7593749987341,786.9546874985645,790.9937500016895,796.6796874967486,801.4265624893824,821.349999995391
32-bit,QAGS,3.9810717055349695e-05,1.6,1.95720033434246e-16,601.4200520834969,601.4200520834969,573.4164062545233,588.675781244774,592.2351562475114,599.7234374959248,756.7617187547171
64-bit,Series,3.9810717055349695e-05,2.2,0.0,17.359084356394742,17.359084356394742,16.61015624998541,17.06640624998812,17.254833984292617,17.513549804837325,18.792187500116242
64-bit,Gauss-Legendre,3.9810717055349695e-05,2.2,0.028547261652023856,790.521279761319,790.521279761319,742.7687500012325,773.8343749963406,793.7515624973912,814.9187499952859,829.5234375026439
64-bit,QAGS,3.9810717055349695e-05,2.2,3.4611803366904326e-07,676.3412946426685,676.3412946426685,634.7132812507539,648.8242187501214,666.5906250020726,675.6859374945634,850.9781250012338
32-bit,Series,3.9810717055349695e-05,2.2,0.0,16.556904529354433,16.556904529354433,16.07500000000428,16.32175292964888,16.41672363272839,16.568334960886943,17.972705077973217
32-bit,Gauss-Legendre,3.9810717055349695e-05,2.2,0.028547261652023856,778.6493675589717,778.6493675589717,746.8445312497352,762.9515624998362,783.0601562517359,794.3460937482882,811.0304687463099
32-bit,QAGS,3.9810717055349695e-05,2.2,3.4611803366904326e-07,472.09672619039736,472.09672619039736,457.9375000020036,461.678906248153,465.76015625277023,478.9546874945927,509.5687499974133
64-bit,Series,3.9810717055349695e-05,2.8,5.032758378217524e-16,17.32219005765695,17.32219005765695,16.333227539133688,16.942578124901075,17.26923828138105,17.48811035140463,18.792773437414922
64-bit,Gauss-Legendre,3.9810717055349695e-05,2.8,0.039174207679682056,794.9444940478434,794.9444940478434,749.7796875028939,762.9507812509928,793.110937500785,808.5578124976678,922.4929687476902
64-bit,QAGS,3.9810717055349695e-05,2.8,1.2913333700696237e-07,465.9830729176222,465.9830729176222,455.5070312548537,460.32968749898373,465.1953125005548,471.87578125118534,482.21249999613747
32-bit,Series,3.9810717055349695e-05,2.8,5.032758378217524e-16,15.942803664401172,15.942803664401172,15.601123046771193,15.808764648461704,15.868945312469407,16.026562499993346,16.482714843890633
32-bit,Gauss-Legendre,3.9810717055349695e-05,2.8,0.039174207679682056,767.1408482151166,767.1408482151166,745.7445312510913,755.807812502951,763.1023437468798,782.9015625020475,792.5781250008868
32-bit,QAGS,3.9810717055349695e-05,2.8,1.2913333700696237e-07,470.7504092267068,470.7504092267068,451.21328124508864,456.2507812480021,473.87968749745824,482.3046875017667,494.4117187477559
64-bit,Series,3.9810717055349695e-05,3.4,1.8420553530761686e-16,18.20146833146696,18.20146833146696,17.074731445188007,17.50803222644315,17.761596679655156,18.29057617186436,22.62570800781738
64-bit,Gauss-Legendre,3.9810717055349695e-05,3.4,0.048196082831382665,810.4295386899483,810.4295386899483,752.1937499959108,775.6875000026753,790.6085937463558,827.4890625017406,964.4601562470712
64-bit,QAGS,3.9810717055349695e-05,3.4,6.38339562225708e-08,812.3456101192992,812.3456101192992,767.7515624919806,806.0109374952162,818.1250000092177,826.8421875072818,835.4890624957534
32-bit,Series,3.9810717055349695e-05,3.4,1.8420553530761686e-16,16.690461076985212,16.690461076985212,16.246411132625482,16.4529296875493,16.623413085836702,16.77514648434908,17.812792968641133
32-bit,Gauss-Legendre,3.9810717055349695e-05,3.4,0.048196082831382665,786.0570684541589,786.0570684541589,734.7937499986301,752.787499990859,795.9218750102082,805.5031250080447,851.446875003603
32-bit,QAGS,3.9810717055349695e-05,3.4,6.38339562225708e-08,788.6040922621922,788.6040922621922,767.0937499995034,773.4734375048902,786.298437503774,795.9046874930209,822.4984375004851
64-bit,Series,3.9810717055349695e-05,4.0,0.0,17.866033063598135,17.866033063598135,16.651977539083873,17.0558105467844,17.52124023424173,17.676806640665177,22.5712158201663
64-bit,Gauss-Legendre,3.9810717055349695e-05,4.0,0.05598789168472676,758.9140624998115,758.9140624998115,733.8085937504957,747.4039062529414,750.8070312454151,764.0031249991353,824.8757812481244
64-bit,QAGS,3.9810717055349695e-05,4.0,1.8686690860993388e-07,792.4124255930835,792.4124255930835,774.3296875020178,788.7421875096834,791.1171874894762,796.790625003041,819.9781249942362
32-bit,Series,3.9810717055349695e-05,4.0,0.0,15.88511555991733,15.88511555991733,15.155297851565663,15.432421875072322,15.663598632809084,16.255029296807777,17.58312988298094
32-bit,Gauss-Legendre,3.9810717055349695e-05,4.0,0.05598789168472676,755.0187500000795,755.0187500000795,734.6242187509233,745.9164062524337,751.758593750651,761.2304687540927,786.053906246309
32-bit,QAGS,3.9810717055349695e-05,4.0,1.8686690860993388e-07,859.8707217270121,859.8707217270121,776.6218750049347,817.0226562569383,843.8687499960906,882.6015625018613,983.2820312496438
64-bit,Series,3.9810717055349695e-05,4.6,2.042278760307847e-16,19.760946800578033,19.760946800578033,16.614501953338134,18.38569335932405,19.199584960771787,20.38925781233658,25.93339843737219
64-bit,Gauss-Legendre,3.9810717055349695e-05,4.6,0.06279638543963365,793.6228422624124,793.6228422624124,751.0703125035434,778.2640625038084,794.1640624977708,803.4390624942489,869.7906250034748
64-bit,QAGS,3.9810717055349695e-05,4.6,2.488736739267486e-07,482.90703125057155,482.90703125057155,460.86796874789115,477.05703125444643,488.4101562510068,491.544531250554,497.5921875001177
32-bit,Series,3.9810717055349695e-05,4.6,2.042278760307847e-16,16.62182035898682,16.62182035898682,15.685449218594272,16.26616210947951,16.52954101549753,16.743652343720328,19.31020507806025
32-bit,Gauss-Legendre,3.9810717055349695e-05,4.6,0.06279638543963365,826.8846726189222,826.8846726189222,739.5296874932455,752.6453125024091,785.8546874928152,877.989062502138,1036.287499999844
32-bit,QAGS,3.9810717055349695e-05,4.6,2.488736739267486e-07,488.81752232195674,488.81752232195674,452.4921874988763,471.84140625233795,485.25000000410046,492.3539062460236,561.279687502747
64-bit,Series,3.9810717055349695e-05,5.2,4.2154728254424283e-16,16.95538388206474,16.95538388206474,16.46142578137777,16.693579101501044,16.826147461124208,17.21474609372997,17.703710937455597
64-bit,Gauss-Legendre,3.9810717055349695e-05,5.2,0.06879578316771906,787.6328869045325,787.6328869045325,755.5531250034164,766.5078125000946,788.4132812492339,801.5820312508026,867.9453124997849
64-bit,QAGS,3.9810717055349695e-05,5.2,2.6837408643289473e-07,474.54598214324324,474.54598214324324,451.3210937560075,463.3351562475241,477.0828125018056,481.1757812461792,506.38046874951215
32-bit,Series,3.9810717055349695e-05,5.2,4.2154728254424283e-16,15.834054129478957,15.834054129478957,15.285253906149876,15.600341797039619,15.830200195354749,16.082226562685875,16.411669921945204
32-bit,Gauss-Legendre,3.9810717055349695e-05,5.2,0.06879578316771906,772.5643601180617,772.5643601180617,747.0531250035606,759.3140624990724,766.784374995666,772.1421875004353,917.0328124952221
32-bit,QAGS,3.9810717055349695e-05,5.2,2.6837408643289473e-07,471.25651041636183,471.25651041636183,457.2476562501038,462.102343746551,471.0429687477813,476.2765625017096,491.897656246465
64-bit,Series,3.9810717055349695e-05,5.8,2.1596511025771243e-16,17.24630301339995,17.24630301339995,16.297753906213686,16.78122558601558,17.433471679595414,17.597021484405673,17.777587890677182
64-bit,Gauss-Legendre,3.9810717055349695e-05,5.8,0.07411682949146513,780.0704241073423,780.0704241073423,743.1874999994648,758.5164062504646,770.5539062499156,796.6687499987302,832.7937499998939
64-bit,QAGS,3.9810717055349695e-05,5.8,2.6127624295480417e-07,820.9925595239265,820.9925595239265,780.1312499964297,790.1593750005986,803.5367187488873,829.3593749968409,962.6281250021407
32-bit,Series,3.9810717055349695e-05,5.8,2.1596511025771243e-16,15.814301990316588,15.814301990316588,15.344726562505073,15.619848632741906,15.812792968583622,15.944775390464017,16.41191406243081
32-bit,Gauss-Legendre,3.9810717055349695e-05,5.8,0.07411682949146513,805.4979910708329,805.4979910708329,746.728125001539,768.7960937516891,794.7648437465205,811.2351562488129,1022.8187500018748
32-bit,QAGS,3.9810717055349695e-05,5.8,2.6127624295480417e-07,839.7242559518805,839.7242559518805,766.4968750020762,781.6234375042086,819.8906249958782,839.6218750021944,1213.5812499991516
64-bit,Series,3.9810717055349695e-05,6.3999999999999995,6.605495364272547e-16,17.85091843382814,17.85091843382814,17.287548828237576,17.693408203234284,17.82451171883359,18.013256835924807,18.54038085946641
64-bit,Gauss-Legendre,3.9810717055349695e-05,6.3999999999999995,0.07886202835964021,800.0353422621927,800.0353422621927,743.162500000949,771.5304687536673,791.7406249973169,812.6031249986454,973.5921874991504
64-bit,QAGS,3.9810717055349695e-05,6.3999999999999995,2.3894184193851457e-07,469.95718005995343,469.95718005995343,448.5671874974173,456.0343749986373,465.3703124972708,477.171093749007,520.1703124981805
32-bit,Series,3.9810717055349695e-05,6.3999999999999995,6.605495364272547e-16,16.16421363468507,16.16421363468507,15.224438476568736,15.728955077953799,15.879858398459845,16.759863281201604,17.02353515620203
32-bit,Gauss-Legendre,3.9810717055349695e-05,6.3999999999999995,0.07886202835964021,763.8441964288523,763.8441964288523,740.3203125022628,753.8328125065163,758.3437500073842,770.9734374969912,799.0765625009999
32-bit,QAGS,3.9810717055349695e-05,6.3999999999999995,2.3894184193851457e-07,460.9508928571211,460.9508928571211,451.8304687550767,457.1507812514142,460.60234375033815,464.08515625273594,474.7640625026861
64-bit,Series,3.9810717055349695e-05,7.0,1.118390749474235e-16,16.48967633928136,16.48967633928136,16.017846679483583,16.333715820326944,16.520434570344023,16.621948242256934,17.124731445328223
64-bit,Gauss-Legendre,3.9810717055349695e-05,7.0,0.08311409543407663,775.7424851201714,775.7424851201714,748.4164062532273,753.8343750042031,759.1390625023564,784.2585937538615,953.8562499997738
64-bit,QAGS,3.9810717055349695e-05,7.0,2.0888652253401462e-07,784.7822172613357,784.7822172613357,769.3359374982833,777.9093750031052,780.4851562553949,785.3726562458974,826.0671874964487
32-bit,Series,3.9810717055349695e-05,7.0,1.118390749474235e-16,15.915325055795718,15.915325055795718,15.27871093753852,15.489746093777512,15.86435546885312,16.092407226553362,17.589916992077903
32-bit,Gauss-Legendre,3.9810717055349695e-05,7.0,0.08311409543407663,760.369717263015,760.369717263015,729.9546875003671,744.0750000000662,750.6046874965477,774.7703125033922,805.8390624938738
32-bit,QAGS,3.9810717055349695e-05,7.0,2.0888652253401462e-07,814.8337053578795,814.8337053578795,765.0375000025633,775.6703124925934,791.1640625053451,813.8515625120135,1065.5890624917674
64-bit,Series,3.9810717055349695e-05,7.6,6.79863850322892e-16,18.48161156062102,18.48161156062102,16.858178710776883,17.377001953144955,17.81892089858239,19.246289062468946,24.58276367178769
64-bit,Gauss-Legendre,3.9810717055349695e-05,7.6,0.08694103054372213,830.4999999996282,830.4999999996282,779.1374999897016,796.1953125033006,799.3874999954187,827.3281249984166,1211.4718750098064
64-bit,QAGS,3.9810717055349695e-05,7.6,1.7586335554757184e-07,480.1472098204753,480.1472098204753,460.58203125198816,476.6007812548878,481.0374999948408,484.0492187554446,495.7898437538688
32-bit,Series,3.9810717055349695e-05,7.6,6.79863850322892e-16,16.09716099329869,16.09716099329869,15.385253906208263,15.635815429737576,15.78710937510941,16.456933593644862,18.663940429597403
32-bit,Gauss-Legendre,3.9810717055349695e-05,7.6,0.08694103054372213,767.8842261883899,767.8842261883899,740.5453124960104,758.7609374937188,763.2343750003656,777.4296874956121,812.343749998945
32-bit,QAGS,3.9810717055349695e-05,7.6,1.7586335554757184e-07,464.5003348215937,464.5003348215937,447.9085937560967,454.83515624766824,459.6281250002221,462.73046874745205,516.0835937516595
64-bit,Series,3.9810717055349695e-05,8.2,1.1456685725852847e-16,17.398973446806448,17.398973446806448,16.342065429775232,16.740185546870734,17.294067382822575,17.506298828129374,22.455297851609046
64-bit,Gauss-Legendre,3.9810717055349695e-05,8.2,0.09039942388551157,795.6678943453913,795.6678943453913,764.4617187523295,783.8265624968699,797.684375001495,801.9515625008466,847.1039062527552
64-bit,QAGS,3.9810717055349695e-05,8.2,1.4276616798771736e-07,940.0209821428637,940.0209821428637,892.26562499789,936.6531249952459,943.8515624964339,945.9093750052716,959.4562500012671
32-bit,Series,3.9810717055349695e-05,8.2,1.1456685725852847e-16,16.56577497206284,16.56577497206284,16.204980468836894,16.36984863284674,16.492456054617577,16.60078124987585,17.800268554690746
32-bit,Gauss-Legendre,3.9810717055349695e-05,8.2,0.09039942388551157,803.0330357134593,803.0330357134593,776.3656250006079,795.09062499028,797.9749999975638,807.685937502356,888.7828124954922
32-bit,QAGS,3.9810717055349695e-05,8.2,1.4276616798771736e-07,950.1785714271753,950.1785714271753,923.1296875071848,929.6093750066348,936.5796874902799,944.0703124994343,1185.6453124892141
64-bit,Series,3.9810717055349695e-05,8.8,1.1565177067779823e-16,17.57025088354788,17.57025088354788,16.658886718756705,16.893847656351824,17.17263183609319,17.48361816411581,24.36689453122476
64-bit,Gauss-Legendre,3.9810717055349695e-05,8.8,0.09353677378027234,754.2800967252376,754.2800967252376,737.4171875014213,746.4976562445713,750.2062499966655,755.522656248786,793.782812500865
64-bit,QAGS,3.9810717055349695e-05,8.8,1.1127762132711126e-07,464.4989211311802,464.4989211311802,449.6718750033324,452.57734375070413,458.1859374965802,479.95859375049577,492.242968753942
32-bit,Series,3.9810717055349695e-05,8.8,1.1565177067779823e-16,15.634152948272918,15.634152948272918,15.200512695434654,15.323852539106397,15.478686523628937,15.63088378908617,17.87678222653355
32-bit,Gauss-Legendre,3.9810717055349695e-05,8.8,0.09353677378027234,753.7107142862201,753.7107142862201,738.7421875009181,744.8757812511531,751.9187499980262,762.7835937498162,775.8898437515427
32-bit,QAGS,3.9810717055349695e-05,8.8,1.1127762132711126e-07,474.28214285733236,474.28214285733236,451.6632812539001,455.46406249741267,461.2875000020722,468.64374999699976,671.7007812540032
64-bit,Series,3.9810717055349695e-05,9.4,6.995891070699788e-16,17.477165876110337,17.477165876110337,16.727465820265408,17.329687499900714,17.54484863281114,17.703735351481953,18.111914062535206
64-bit,Gauss-Legendre,3.9810717055349695e-05,9.4,0.0963932048451606,806.4194940483764,806.4194940483764,758.6906250054426,787.3125000088521,797.6156250038002,808.3156249938384,1034.901562505297
64-bit,QAGS,3.9810717055349695e-05,9.4,8.230738613605254e-08,983.1308035702912,983.1308035702912,941.2734375047194,964.9125000095182,970.8718749976697,982.2718749887827,1070.3671874949805
32-bit,Series,3.9810717055349695e-05,9.4,6.995891070699788e-16,16.391245814746064,16.391245814746064,15.674169921986447,16.216333007967876,16.346606445338807,16.506933593563033,18.62656249995709
32-bit,Gauss-Legendre,3.9810717055349695e-05,9.4,0.0963932048451606,754.1380580349256,754.1380580349256,738.961718752762,746.7578125002206,756.6273437475957,759.891406246993,775.3304687483364
32-bit,QAGS,3.9810717055349695e-05,9.4,8.230738613605254e-08,939.2508184543572,939.2508184543572,904.9828125000658,914.8968750025688,919.1593750017546,928.2859375048247,1248.4796875043003
64-bit,Series,3.9810717055349695e-05,10.0,0.0,15.800894019741511,15.800894019741511,15.38854980465132,15.641308593661307,15.796752929730928,15.886889648264457,16.353027343818383
64-bit,Gauss-Legendre,3.9810717055349695e-05,10.0,0.0990027920368767,750.0792782747247,750.0792782747247,732.7820312497124,741.8484374994705,744.8125000024675,750.2624999986551,799.6093750008981
64-bit,QAGS,3.9810717055349695e-05,10.0,5.628033606237677e-08,495.9603794640359,495.9603794640359,459.6843750022117,467.5734374970375,481.48124999869424,510.14296874996035,617.5609374992064
32-bit,Series,3.9810717055349695e-05,10.0,0.0,14.682255626819968,14.682255626819968,14.25664062493226,14.539086913956112,14.71052246104776,14.82961425791629,15.148168945211538
32-bit,Gauss-Legendre,3.9810717055349695e-05,10.0,0.0990027920368767,771.5232514885747,771.5232514885747,739.281249998669,744.7109374965066,755.0750000007156,781.385937500545,919.0195312527294
32-bit,QAGS,3.9810717055349695e-05,10.0,5.628033606237677e-08,455.65033482153876,455.65033482153876,449.41171874768315,452.4492187485407,455.8109375025765,457.696874995861,465.970312497177
64-bit,Series,0.0001,1.0,7.056987741771483e-10,17.128701636889975,17.128701636889975,16.8300537108923,16.940185546765463,17.08991699223006,17.26560058612492,17.709155273326616
64-bit,Gauss-Legendre,0.0001,1.0,4.899806972742414e-05,556.691555059293,556.691555059293,546.1515624958224,552.764062504707,553.1289062474798,557.79140625134,583.268749998922
64-bit,QAGS,0.0001,1.0,1.4139508608187632e-16,583.0574404763227,583.0574404763227,554.0000000010536,561.1125000015704,568.7218749983458,593.6812500024757,744.0312499937818
32-bit,Series,0.0001,1.0,6.632441926056346e-10,15.72498023625992,15.72498023625992,15.476123046864743,15.62902832041857,15.720532226648487,15.817114257909992,16.024462890618096
32-bit,Gauss-Legendre,0.0001,1.0,4.899806972742414e-05,589.6075520825304,589.6075520825304,554.8093750036287,567.1500000019591,584.8140624991061,590.4937499963125,782.2398437511424
32-bit,QAGS,0.0001,1.0,2.8279017216375265e-16,508.44148065465333,508.44148065465333,489.85781249655247,495.7109374998936,507.81250000397904,516.3249999995401,579.4312500029264
64-bit,Series,0.0001,1.6,1.2408025466802494e-16,16.290026274219066,16.290026274219066,15.88603515623177,16.059204101637192,16.16862792985785,16.411669921945204,17.5404541014057
64-bit,Gauss-Legendre,0.0001,1.6,0.0003035123998865413,754.3139880945253,754.3139880945253,736.489062489909,746.3343749947171,751.6953125019654,755.53593750044,788.7781249991122
64-bit,QAGS,0.0001,1.6,0.0,911.0485863087227,911.0485863087227,873.9656250043026,885.4265624904656,897.0359374984582,910.862500006715,1130.1437500037537
32-bit,Series,0.0001,1.6,4.218728658712847e-15,15.70820428758737,15.70820428758737,15.199047851410796,15.336791992170973,15.644458007724182,15.977294921976082,17.478759765765517
32-bit,Gauss-Legendre,0.0001,1.6,0.0003035123998865413,791.7447172612838,791.7447172612838,752.6062500033959,764.0257812511209,780.8992187463559,803.1804687504973,985.7499999981201
32-bit,QAGS,0.0001,1.6,1.2408025466802494e-16,519.5360863100838,519.5360863100838,508.18984374956244,515.6062500049075,517.1312499996361,520.8351562515645,555.7023437461339
64-bit,Series,0.0001,2.2,3.6095155291514224e-16,17.726515997042366,17.726515997042366,16.957543945483877,17.57983398431584,17.67514648443047,17.86013183591173,18.456933593702374
64-bit,Gauss-Legendre,0.0001,2.2,0.0002592405026802549,759.7932291658826,759.7932291658826,737.7953125029535,743.767187501021,754.0828124916743,767.5343750008778,803.5578124889753
64-bit,QAGS,0.0001,2.2,0.0,882.9104166650158,882.9104166650158,870.1468750018648,873.6203124897202,882.4140625023347,888.5734374928234,903.3390625035054
32-bit,Series,0.0001,2.2,3.6095155291514224e-16,15.986585053951956,15.986585053951956,15.38693847669137,15.584887695485605,15.867724609375244,16.362963867200264,16.824023437500557
32-bit,Gauss-Legendre,0.0001,2.2,0.0002592405026802549,781.0543154763969,781.0543154763969,734.5015625048745,744.876562492891,769.4500000070548,791.8250000074067,1002.5374999997894
32-bit,QAGS,0.0001,2.2,1.8047577645757112e-16,504.9600446430499,504.9600446430499,480.3789062535202,492.6203124995254,509.3562499993709,516.1468750003451,533.9320312529594
64-bit,Series,0.0001,2.8,0.0,17.12055315286488,17.12055315286488,16.4603759764681,16.73857421868874,16.86623535146481,17.56081542980681,18.462060546786674
64-bit,Gauss-Legendre,0.0001,2.8,6.328271587573969e-05,769.7987351166701,769.7987351166701,734.2703125061689,743.0671874999462,778.6546874939404,791.3093749891686,801.8968750036493
64-bit,QAGS,0.0001,2.8,2.127035885666032e-16,1025.1171874989225,1025.1171874989225,985.051562494732,1000.5468750051705,1014.9999999953252,1053.4406250002348,1070.457812488712
32-bit,Series,0.0001,2.8,0.0,16.532478841131088,16.532478841131088,16.30473632818763,16.42202148421923,16.481420898495358,16.579223632851026,17.353417968823948
32-bit,Gauss-Legendre,0.0001,2.8,6.328271587573969e-05,791.813616072004,791.813616072004,733.026562500072,743.8359375129266,788.9421874978098,796.9812500050466,1129.1281250009888
32-bit,QAGS,0.0001,2.8,0.0,501.07864583349647,501.07864583349647,483.2351562455983,486.8710937486753,492.4187499995014,503.9335937482292,547.2562500017375
64-bit,Series,0.0001,3.4,2.335568807292004e-16,17.143740699424967,17.143740699424967,16.272998046851228,16.577197265554844,17.135205078178117,17.555761718801577,19.035791015697967
64-bit,Gauss-Legendre,0.0001,3.4,0.00018866514056241956,782.189322916135,782.189322916135,746.1132812451865,767.8562500004205,789.7281249995558,794.6679687549363,806.1039062496889
64-bit,QAGS,0.0001,3.4,0.0,844.5621279757156,844.5621279757156,831.8843749890448,839.3531250021624,843.4437500000058,851.2078125022526,861.475000007772
32-bit,Series,0.0001,3.4,2.335568807292004e-16,16.26837216331257,16.26837216331257,15.594628906434593,15.955737304729212,16.32666015627393,16.497021484207508,16.92053222646095
32-bit,Gauss-Legendre,0.0001,3.4,0.00018866514056241956,842.3414434534359,842.3414434534359,769.1664062505765,790.4648437531137,804.2437499966582,865.142187500112,1014.0093749981816
32-bit,QAGS,0.0001,3.4,2.335568807292004e-16,522.186755952635,522.186755952635,493.3726562512675,503.8781250021884,515.9820312528041,524.9640624995777,590.3781250040652
64-bit,Series,0.0001,4.0,1.2407709271013474e-16,17.878583054316742,17.878583054316742,17.31198730459127,17.58493652359583,17.754833984362506,18.009814453323614,19.41960449225455
64-bit,Gauss-Legendre,0.0001,4.0,0.0004548890182923559,761.6027529782816,761.6027529782816,736.8968750114391,745.4984374959395,755.5984375073876,780.2484375076801,801.0437500018952
64-bit,QAGS,0.0001,4.0,1.2407709271013474e-16,887.5408482152482,887.5408482152482,838.3140624914631,879.9562500030333,890.2171875035947,899.8562500011076,933.526562505449
32-bit,Series,0.0001,4.0,1.2407709271013474e-16,16.999453590011136,16.999453590011136,15.604052734374818,16.133911132643064,16.514843750092822,17.240844726540416,22.17465820320008
32-bit,Gauss-Legendre,0.0001,4.0,0.0004548890182923559,804.3787202393019,804.3787202393019,776.4296875052423,790.1484375025802,803.1062500037933,813.4109375106391,849.5499999980893
32-bit,QAGS,0.0001,4.0,1.2407709271013474e-16,512.5452380945088,512.5452380945088,485.63749999885886,490.4500000009193,502.91796874546435,519.9703125029487,617.7421875008804
64-bit,Series,0.0001,4.6,6.473587440766478e-16,17.517243303539978,17.517243303539978,16.89611816413361,17.37499999987513,17.524902343746263,17.676928711019002,18.27475585924887
64-bit,Gauss-Legendre,0.0001,4.6,0.0007172626351626754,748.9737351180213,748.9737351180213,736.7140625049728,741.9984374976707,747.7960937478656,752.7648437459789,785.542968749553
64-bit,QAGS,0.0001,4.6,2.589434976306591e-16,846.4241071447444,846.4241071447444,831.6000000121448,835.5531250003878,842.440625007157,851.7031250079299,880.2562499994337
32-bit,Series,0.0001,4.6,6.473587440766478e-16,16.073007347474526,16.073007347474526,15.272460937465482,15.331787109440498,15.537060547021753,15.744750976542932,25.164843749925225
32-bit,Gauss-Legendre,0.0001,4.6,0.0007172626351626754,759.0678571433716,759.0678571433716,737.9093750046195,746.7187499941019,751.2640625009226,767.5765624952646,819.6249999912197
32-bit,QAGS,0.0001,4.6,0.0,506.2120163689173,506.2120163689173,488.6929687515362,498.77421874811034,505.4828124997357,510.74062499623096,531.0374999965006
64-bit,Series,0.0001,5.2,2.672429685800827e-16,16.916880580364335,16.916880580364335,16.313769531262068,16.600341796735307,16.81777343742752,17.13557128901755,17.746923828276806
64-bit,Gauss-Legendre,0.0001,5.2,0.0009681189891002286,791.0290550596989,791.0290550596989,751.3500000015938,769.3585937502689,785.0499999975113,800.3359374981756,937.895312503656
64-bit,QAGS,0.0001,5.2,0.0,1067.0989583323783,1067.0989583323783,1025.385937495571,1042.4046875101567,1078.5828124966201,1089.135937490937,1100.1999999962209
32-bit,Series,0.0001,5.2,2.672429685800827e-16,16.407531156995397,16.407531156995397,15.330883789133054,15.586547851498267,16.04653320308458,16.654516601599667,20.559375000006597
32-bit,Gauss-Legendre,0.0001,5.2,0.0009681189891002286,778.598065475459,778.598065475459,745.5304687482567,773.2492187457751,778.4781249995376,791.7148437499577,818.2429687479953
32-bit,QAGS,0.0001,5.2,2.672429685800827e-16,865.9422619056538,865.9422619056538,803.3421874955593,831.9374999956608,849.6984375057082,868.5484375092756,1077.959374995885
64-bit,Series,0.0001,5.8,1.369126538087984e-16,17.684298270119537,17.684298270119537,17.20339355459899,17.508398437504624,17.59965820302689,17.676123046816983,18.48840332030477
64-bit,Gauss-Legendre,0.0001,5.8,0.0012045735579156599,776.1494791665093,776.1494791665093,740.6031250098977,759.0046875094458,779.9812499911241,789.8828124979218,821.5843750036811
64-bit,QAGS,0.0001,5.8,3.975943466607506e-13,480.32485119112573,480.32485119112573,451.7835937534187,462.7937500032431,476.5312500012442,482.06171874909387,607.0632812509302
32-bit,Series,0.0001,5.8,1.369126538087984e-16,16.42493489585815,16.42493489585815,16.121020507853245,16.258325195472878,16.41354980463916,16.515283203233366,17.19987792947464
32-bit,Gauss-Legendre,0.0001,5.8,0.0012045735579156599,760.2545386922493,760.2545386922493,736.5031249975118,747.175000000766,754.0468750022455,771.2124999983416,797.6953124995134
32-bit,QAGS,0.0001,5.8,3.975943466607506e-13,478.4744791667181,478.4744791667181,465.99609375164164,475.52890625013333,478.4624999984999,483.42421874991715,491.991406249781
64-bit,Series,0.0001,6.3999999999999995,1.3958672904510755e-16,17.326226515988555,17.326226515988555,16.36650390635097,16.591528320342164,17.477465820148197,17.662963867071113,18.967163085914507
64-bit,Gauss-Legendre,0.0001,6.3999999999999995,0.0014259683133841592,760.0050223204101,760.0050223204101,736.209374998964,749.0242187486729,755.1257812465906,773.3453125027268,792.6445312520514
64-bit,QAGS,0.0001,6.3999999999999995,4.909265260516432e-13,786.1035714278213,786.1035714278213,767.2390624975378,770.8499999949936,773.9789062455316,782.2281249971752,938.4414062481028
32-bit,Series,0.0001,6.3999999999999995,1.3958672904510755e-16,15.536435081860608,15.536435081860608,15.290112304722214,15.379858398389956,15.464843750034873,15.580419922001099,16.562475585901737
32-bit,Gauss-Legendre,0.0001,6.3999999999999995,0.0014259683133841592,772.7517857139518,772.7517857139518,738.1390624985329,747.7414062506682,753.6507812559989,781.0320312486851,914.4835937533458
32-bit,QAGS,0.0001,6.3999999999999995,4.909265260516432e-13,825.1223958334698,825.1223958334698,809.33281249429,819.9359374998494,821.6281249957547,828.7578125134587,857.4531249934125
64-bit,Series,0.0001,7.0,0.0,16.812389555473505,16.812389555473505,15.993920898571545,16.44631347663683,16.739233398510578,17.180322265497594,17.958081054869623
64-bit,Gauss-Legendre,0.0001,7.0,0.0016326748537815639,815.0251116063602,815.0251116063602,736.7484375038202,741.3796875042067,744.4851562468102,790.0523437456286,1229.7117187500817
64-bit,QAGS,0.0001,7.0,1.0684810190868841e-12,465.65100446421013,465.65100446421013,450.3648437506058,458.72421874548763,462.18984375201444,470.54374999788706,486.3578125053891
32-bit,Series,0.0001,7.0,0.0,15.420746140248909,15.420746140248909,14.664013671783493,15.122412109214167,15.555908203124247,15.74367675782895,15.87927246093912
32-bit,Gauss-Legendre,0.0001,7.0,0.0016326748537815639,781.0305059506175,781.0305059506175,734.7812499887141,748.1453124995596,788.9953125044258,793.3812499913984,866.126562499403
32-bit,QAGS,0.0001,7.0,1.0684810190868841e-12,459.7883928572818,459.7883928572818,450.65781250031023,454.0828125030316,460.2585937476533,463.2624999985069,470.9710937476075
64-bit,Series,0.0001,7.6,4.3100463691162356e-16,16.83535621279018,16.83535621279018,16.328491210915175,16.528588867137373,16.754248046924047,16.953149413856394,17.621484375007768
64-bit,Gauss-Legendre,0.0001,7.6,0.0018255171018647688,763.3077380949277,763.3077380949277,735.832812502224,740.1640624991046,749.9179687471269,759.0828124932614,936.0148437451699
64-bit,QAGS,0.0001,7.6,1.4090978262764014e-12,924.672172617068,924.672172617068,866.1781250083322,878.3171874995332,900.2656250061136,940.6843749957261,1168.6953125007449
32-bit,Series,0.0001,7.6,4.3100463691162356e-16,15.84195963540081,15.84195963540081,15.299951171776627,15.706884765709361,15.858251953160263,16.03562011709414,16.34724121113429
32-bit,Gauss-Legendre,0.0001,7.6,0.0018255171018647688,771.3189360110222,771.3189360110222,752.7906250004435,759.8890625004628,765.7554687483525,780.6421875002911,803.9343749999261
32-bit,QAGS,0.0001,7.6,1.4090978262764014e-12,888.2641369061569,888.2641369061569,869.306249995816,875.5171875094447,882.042187498655,901.9531250089585,914.4531250058208
64-bit,Series,0.0001,8.2,5.810439450378646e-16,17.33201032367531,17.33201032367531,16.343896484416476,16.802661132908625,17.39951171875198,17.55954589843789,20.482080078210174
64-bit,Gauss-Legendre,0.0001,8.2,0.002005488116631324,764.5264136897366,764.5264136897366,736.2015625034246,746.354687507278,751.2468749979462,776.9515625000167,836.9343749876634
64-bit,QAGS,0.0001,8.2,1.5805847914892512e-12,912.1595238077532,912.1595238077532,876.2499999903639,893.5468750053133,914.2781250091048,932.6781249967553,954.6734374907828
32-bit,Series,0.0001,8.2,5.810439450378646e-16,16.111310686398433,16.111310686398433,15.350952148551755,15.602783203227943,15.90605468759776,16.2318359375746,19.342138671829545
32-bit,Gauss-Legendre,0.0001,8.2,0.002005488116631324,791.487723213823,791.487723213823,750.5070312490147,788.2921875008719,795.5601562485981,798.1554687503944,821.0398437498156
32-bit,QAGS,0.0001,8.2,1.5805847914892512e-12,922.6538690453044,922.6538690453044,878.3562499985464,890.3515624893998,930.5859374961756,934.5249999910266,989.467187494597
64-bit,Series,0.0001,8.8,1.4663656376695023e-16,17.42160063246599,17.42160063246599,16.338281249916875,16.956713867255502,17.41826171874905,17.70136718759474,18.985839843832508
64-bit,Gauss-Legendre,0.0001,8.8,0.0021736111657640824,752.7430059529446,752.7430059529446,737.6390624926898,744.6515624991434,749.5421874921249,756.8375000062133,783.7593750110727
64-bit,QAGS,0.0001,8.8,1.6354375956927958e-12,945.5537946440103,945.5537946440103,878.4296875035125,895.7453125049142,904.5234375122391,972.2843749955246,1192.4312499900225
32-bit,Series,0.0001,8.8,1.4663656376695023e-16,16.55147065660585,16.55147065660585,15.904687499901371,16.269824218761997,16.426538085978493,16.681933593831744,17.8802734374095
32-bit,Gauss-Legendre,0.0001,8.8,0.0021736111657640824,775.3686011912329,775.3686011912329,745.9921875039299,756.429687498894,769.81875000115,791.2937499980899,814.7890624883303
32-bit,QAGS,0.0001,8.8,1.6354375956927958e-12,901.7665922627992,901.7665922627992,874.3234375003794,883.4125000021231,901.5343750036209,916.045312493452,928.9609375002783
64-bit,Series,0.0001,9.4,7.391826781772589e-16,17.70234374997068,17.70234374997068,17.110742187353978,17.462329101380902,17.521240234463775,17.77219238263683,19.645922851641018
64-bit,Gauss-Legendre,0.0001,9.4,0.002330873283274925,773.3607142862791,773.3607142862791,737.5062499903606,748.8890625069189,757.1499999983189,793.1984374920376,854.5218749986816
64-bit,QAGS,0.0001,9.4,1.6136357864609563e-12,973.8657738100052,973.8657738100052,957.7328125089934,964.154687508767,971.4515625063314,976.3453124946864,1031.1062499965828
32-bit,Series,0.0001,9.4,7.391826781772589e-16,15.807503255196734,15.807503255196734,15.263012695276856,15.431518554764878,15.566162109292847,15.799169921892897,18.006152343819082
32-bit,Gauss-Legendre,0.0001,9.4,0.002330873283274925,754.1773065465833,754.1773065465833,739.6156249939168,743.5648437521536,744.7562500004778,751.3500000015938,826.4929687484823
32-bit,QAGS,0.0001,9.4,1.6136357864609563e-12,920.1232886903467,920.1232886903467,903.9031249926666,910.9265624971385,919.4921874922102,925.6296875008729,945.3312500085076
64-bit,Series,0.0001,10.0,2.977850217598609e-16,15.862556966162428,15.862556966162428,15.397363281266507,15.532153320396702,15.630810547007101,15.749438476486688,20.535302734492333
64-bit,Gauss-Legendre,0.0001,10.0,0.002478195783902018,753.5692336304578,753.5692336304578,737.2656249984288,744.4398437499444,745.7335937459675,754.3257812443471,820.0632812531694
64-bit,QAGS,0.0001,10.0,1.5419308426725596e-12,934.1171130952965,934.1171130952965,909.0562499949328,915.0953125072192,920.0531249859978,937.1703124969599,1101.5453124940677
32-bit,Series,0.0001,10.0,2.977850217598609e-16,14.82858537949468,14.82858537949468,14.28005371084673,14.423437500132863,14.676464843876857,15.108300781330186,16.747387695303928
32-bit,Gauss-Legendre,0.0001,10.0,0.002478195783902018,796.9480654775821,796.9480654775821,785.1437500079328,790.8671874901074,795.7906250055657,798.6609374910358,829.3062499973303
32-bit,QAGS,0.0001,10.0,1.5419308426725596e-12,973.3811755951581,973.3811755951581,960.8437500077116,967.7999999979647,972.8625000064994,977.6593750103757,995.0828124942745
64-bit,Series,0.0002511886431509582,1.0,1.0417631099386469e-10,18.315915643570452,18.315915643570452,16.790747070283274,17.252441406157004,18.102197265612574,18.36901855489792,23.412036132652858
64-bit,Gauss-Legendre,0.0002511886431509582,1.0,1.6621689857200282e-07,555.5853794637263,555.5853794637263,547.7078124940249,551.2281249977491,554.3710937558899,560.0062499979686,566.2171874973865
64-bit,QAGS,0.0002511886431509582,1.0,1.98842767776071e-16,876.6063244076164,876.6063244076164,833.2499999994525,860.7281250050391,881.2374999962458,889.059374998169,922.1906250047596
32-bit,Series,0.0002511886431509582,1.0,1.5126446567368385e-10,16.12079845607945,16.12079845607945,15.499194335966138,15.719750976472824,15.833984374991061,16.413989257779704,18.160839843739396
32-bit,Gauss-Legendre,0.0002511886431509582,1.0,1.1330390330693901e-07,538.259300594881,538.259300594881,523.389062500712,527.6015625028663,535.2156249998075,546.6132812443902,562.6851562539059
32-bit,QAGS,0.0002511886431509582,1.0,1.98842767776071e-16,458.5797619053469,458.5797619053469,445.87031249676556,449.7648437506996,456.56171874952634,462.07031250133923,490.2039062457675
64-bit,Series,0.0002511886431509582,1.6,3.146625095358555e-16,16.855448986245815,16.855448986245815,15.973120117251938,16.32404785167907,16.61254882812102,16.870507812516422,21.188891601520154
64-bit,Gauss-Legendre,0.0002511886431509582,1.6,7.99644690127203e-07,760.2321056559109,760.2321056559109,743.0734375049042,748.6671875014395,757.4445312528155,766.5976562520882,792.6593750013922
64-bit,QAGS,0.0002511886431509582,1.6,1.5733125476792775e-16,518.193229166083,518.193229166083,501.6968749984585,511.6874999941956,517.3249999970153,522.912499995698,551.2789062507295
32-bit,Series,0.0002511886431509582,1.6,1.2114506617130436e-14,16.03632114955374,16.03632114955374,15.096411132731191,15.892529296790414,16.106616210986857,16.166357421854016,17.527441406262056
32-bit,Gauss-Legendre,0.0002511886431509582,1.6,3.169725259986481e-06,678.5183779747344,678.5183779747344,660.0437500026146,669.6171874978063,674.2078124943873,681.3210937508529,738.2101562498633
32-bit,QAGS,0.0002511886431509582,1.6,0.0,465.42857142891796,465.42857142891796,443.7828125034571,449.22656250179216,452.2148437473561,461.0828124995692,655.0398437497051
64-bit,Series,0.0002511886431509582,2.2,1.1441395319674542e-16,16.77615211122186,16.77615211122186,16.412499999951535,16.612475586041953,16.78041992181356,16.855639648483134,17.397192382695437
64-bit,Gauss-Legendre,0.0002511886431509582,2.2,1.4859101825784172e-07,772.3929687500009,772.3929687500009,743.3671874963466,758.2960937497774,768.0109374987865,790.8679687531617,800.9148437508884
64-bit,QAGS,0.0002511886431509582,2.2,1.1441395319674542e-16,500.0730654763125,500.0730654763125,483.12187499988113,488.110156247501,494.3406249964255,512.4515624999049,524.9554687480895
32-bit,Series,0.0002511886431509582,2.2,1.1441395319674542e-16,15.763996233253946,15.763996233253946,15.250561523405537,15.380371093831613,15.542651367272953,15.844165039080593,17.695605468937003
32-bit,Gauss-Legendre,0.0002511886431509582,2.2,1.4859101825784172e-07,765.9931547606003,765.9931547606003,736.2765625060774,745.1124999988679,752.2171874967398,759.690624988707,956.4671875068598
32-bit,QAGS,0.0002511886431509582,2.2,2.2882790639349084e-16,461.56056547664275,461.56056547664275,444.1257812501931,452.95156250091395,458.54453124860584,469.0132812470438,488.62968750285063
64-bit,Series,0.0002511886431509582,2.8,2.6968999233086315e-16,16.88407389324081,16.88407389324081,16.622973632918203,16.753906250110973,16.8347167968097,16.99592285153706,17.48710937499176
64-bit,Gauss-Legendre,0.0002511886431509582,2.8,1.1549019662488383e-06,764.9036458330795,764.9036458330795,746.2328125029671,751.1085937537132,763.1132812520036,775.6398437450684,794.3570312463066
64-bit,QAGS,0.0002511886431509582,2.8,1.3484499616543157e-16,956.4142857135223,956.4142857135223,941.034375003369,949.4984374924798,955.4046875024369,961.3046874932252,983.746875007796
32-bit,Series,0.0002511886431509582,2.8,2.6968999233086315e-16,15.80014183409441,15.80014183409441,15.145385742210138,15.39719238285997,15.605444335875518,15.970678710841568,17.46301269545114
32-bit,Gauss-Legendre,0.0002511886431509582,2.8,1.1549019662488383e-06,773.5165550597924,773.5165550597924,736.2671874986404,755.314062502066,760.3578124957266,778.60937500418,936.4914062501839
32-bit,QAGS,0.0002511886431509582,2.8,1.3484499616543157e-16,460.2337797621203,460.2337797621203,447.20078125237706,449.829687497072,459.24218749604506,470.56171874970687,483.0546874998731
64-bit,Series,0.0002511886431509582,3.4,2.9613018098447244e-16,17.0286667596828,17.0286667596828,16.416845703082217,16.816552734333357,16.99848632807921,17.22043457030864,17.84580078112441
64-bit,Gauss-Legendre,0.0002511886431509582,3.4,1.692637787880151e-06,753.1241815475672,753.1241815475672,738.6828124964495,747.8242187488604,750.0593750009443,758.0281249985887,777.2234374954223
64-bit,QAGS,0.0002511886431509582,3.4,1.4806509049223622e-16,485.6018973212274,485.6018973212274,480.088281250346,482.5679687527895,484.97109375489345,488.92031249891943,492.88828125071404
32-bit,Series,0.0002511886431509582,3.4,2.9613018098447244e-16,16.26357189361761,16.26357189361761,15.22197265613201,15.540429687543877,15.653686523453558,16.399682617240785,22.423413086114508
32-bit,Gauss-Legendre,0.0002511886431509582,3.4,1.692637787880151e-06,746.1215401784486,746.1215401784486,736.1500000016008,739.8171875010462,743.7749999965604,747.1531250047292,783.3734374997903
32-bit,QAGS,0.0002511886431509582,3.4,1.4806509049223622e-16,453.4655877978231,453.4655877978231,446.6226562485076,448.1359374963745,450.84921875115924,455.29531249854927,495.18359374900456
64-bit,Series,0.0002511886431509582,4.0,0.0,17.18895786829129,17.18895786829129,16.84587402350779,16.99233398433364,17.120019531136066,17.338061523597403,17.884741210894006
64-bit,Gauss-Legendre,0.0002511886431509582,4.0,1.7924174812351977e-06,749.7362723216027,749.7362723216027,733.4781249994649,740.8812500031559,747.8312500026618,751.9695312439012,784.9390625054298
64-bit,QAGS,0.0002511886431509582,4.0,3.146383144599549e-16,508.71491815451276,508.71491815451276,483.62812500357677,489.9054687541593,495.8468749975964,499.7968749975712,661.8320312483661
32-bit,Series,0.0002511886431509582,4.0,0.0,16.58057686943202,16.58057686943202,16.260815429713915,16.34689941409917,16.550683593852256,16.76945800777041,17.160986328201844
32-bit,Gauss-Legendre,0.0002511886431509582,4.0,1.7924174812351977e-06,795.690401784013,795.690401784013,779.8531250102769,787.8671875118926,795.8265624949945,802.1015624990468,814.7374999936119
32-bit,QAGS,0.0002511886431509582,4.0,0.0,456.3084449400667,456.3084449400667,444.4734374970949,448.1242187495127,452.2648437514931,463.3874999981913,479.41875000390155
64-bit,Series,0.0002511886431509582,4.6,4.924773593731602e-16,16.524803524917804,16.524803524917804,16.326489257867394,16.406591796913617,16.480493163939514,16.584057617174963,16.887548828226073
64-bit,Gauss-Legendre,0.0002511886431509582,4.6,1.591137935509801e-06,753.459970237627,753.459970237627,737.1656249972602,741.6828124959807,744.9507812467004,748.7367187479776,920.346093749913
64-bit,QAGS,0.0002511886431509582,4.6,1.641591197910534e-16,840.5630952395205,840.5630952395205,832.432812501338,835.4015624973954,838.4171874951107,844.2968750017599,859.2937499969366
32-bit,Series,0.0002511886431509582,4.6,4.924773593731602e-16,16.484492420029827,16.484492420029827,16.097314453178413,16.28967285172145,16.394384765749948,16.62265624990944,17.382324218884193
32-bit,Gauss-Legendre,0.0002511886431509582,4.6,1.591137935509801e-06,762.5010416672596,762.5010416672596,737.8562499980035,743.3078124989834,751.6156249920414,784.1093750045047,796.9953124984386
32-bit,QAGS,0.0002511886431509582,4.6,0.0,455.18210565443866,455.18210565443866,447.5351562547303,449.543750001169,454.067187497742,459.4367187493731,465.614062498787
64-bit,Series,0.0002511886431509582,5.2,3.3884125905367577e-16,16.556738281270356,16.556738281270356,16.25346679690054,16.36765136714402,16.480810546948277,16.705883789214226,17.00712890628786
64-bit,Gauss-Legendre,0.0002511886431509582,5.2,1.210040831413619e-06,756.7063988101976,756.7063988101976,736.3187500004642,742.957812498446,747.0484375033948,752.396875000727,911.4734374975342
64-bit,QAGS,0.0002511886431509582,5.2,0.0,847.9253720227441,847.9253720227441,835.0250000006554,838.085937502342,844.7187500024711,851.656249992061,876.2656249956535
32-bit,Series,0.0002511886431509582,5.2,3.3884125905367577e-16,15.57606608073475,15.57606608073475,15.22150878896511,15.365722656257574,15.516064453047207,15.686621093857767,16.14470214850172
32-bit,Gauss-Legendre,0.0002511886431509582,5.2,1.210040831413619e-06,764.2095610119695,764.2095610119695,736.6765625036464,740.9937500000296,748.8648437501411,753.8015625030425,932.4109374944101
32-bit,QAGS,0.0002511886431509582,5.2,6.116084725918847e-14,421.01674107152843,421.01674107152843,410.92265625053415,411.9109375011476,417.7375000011807,425.4867187540867,460.59687500132895
64-bit,Series,0.0002511886431509582,5.8,0.0,17.09232352121673,17.09232352121673,16.24890136731061,16.494824218726833,17.119262695208803,17.391552734391524,18.972875976519532
64-bit,Gauss-Legendre,0.0002511886431509582,5.8,7.351537752115878e-07,784.2834077393944,784.2834077393944,747.571093754118,759.7921875017732,780.3765624956327,796.2757812549626,953.7937499999316
64-bit,QAGS,0.0002511886431509582,5.8,1.7359355107606949e-16,509.4226934521847,509.4226934521847,494.6289062459641,502.9898437527436,511.4945312527652,516.4343749939349,521.4507812496549
32-bit,Series,0.0002511886431509582,5.8,0.0,16.380440848205524,16.380440848205524,15.832983398356149,16.275878906180097,16.37180175784181,16.568334960886943,16.96940917983447
32-bit,Gauss-Legendre,0.0002511886431509582,5.8,7.351537752115878e-07,791.4895089264799,791.4895089264799,737.4921875111795,772.4140624958409,789.270312495205,798.2687499890062,920.642187494991
32-bit,QAGS,0.0002511886431509582,5.8,0.0,467.4606026782157,467.4606026782157,445.15234375097634,450.70234375543805,471.0429687477813,477.65781250319606,501.6015624974557
64-bit,Series,0.0002511886431509582,6.3999999999999995,5.30952149560117e-16,16.522331891723393,16.522331891723393,16.255053711056178,16.400854492282235,16.48178710933479,16.66215820295136,16.899145507620617
64-bit,Gauss-Legendre,0.0002511886431509582,6.3999999999999995,2.2252740194894574e-07,758.0434151785469,758.0434151785469,735.9859374957978,740.5789062531198,743.210156244345,749.5078125003829,948.0023437475893
64-bit,QAGS,0.0002511886431509582,6.3999999999999995,1.7698404985337233e-16,866.6469494072326,866.6469494072326,841.8171875064218,849.5593749984209,866.6796875047567,885.7843750007532,898.7015624910555
32-bit,Series,0.0002511886431509582,6.3999999999999995,5.30952149560117e-16,15.978948102668951,15.978948102668951,15.438232421782772,15.752661132850676,15.923901367287385,16.273535156097196,16.429785156368837
32-bit,Gauss-Legendre,0.0002511886431509582,6.3999999999999995,2.2252740194894574e-07,769.1954241067158,769.1954241067158,736.6617187472002,747.010156253225,763.7007812490992,794.771093744373,823.3343749992628
32-bit,QAGS,0.0002511886431509582,6.3999999999999995,0.0,453.394940476095,453.394940476095,446.592968749826,448.3242187518499,453.32109375095797,458.62578124911124,462.11796875184064
64-bit,Series,0.0002511886431509582,7.0,0.0,16.871843610517736,16.871843610517736,16.262597656080402,16.370996093861834,16.54355468749813,16.819018554770082,21.728930664099977
64-bit,Gauss-Legendre,0.0002511886431509582,7.0,2.93098807322765e-07,748.5020461305544,748.5020461305544,739.6453124997038,746.1382812508077,747.380468745007,750.6687500011822,760.9085937474447
64-bit,QAGS,0.0002511886431509582,7.0,1.7979332027970752e-16,850.8223214256477,850.8223214256477,836.4687499948786,841.4515624934893,847.521875002144,858.0296875067006,882.7765624914719
32-bit,Series,0.0002511886431509582,7.0,0.0,15.19115862166512,15.19115862166512,14.817285156176752,14.937207031273658,15.005224609510037,15.365649414178506,16.311816406267
32-bit,Gauss-Legendre,0.0002511886431509582,7.0,2.93098807322765e-07,773.9412946423029,773.9412946423029,738.8945312456485,746.0273437445153,772.5781249945385,798.107812499893,853.8867187510846
32-bit,QAGS,0.0002511886431509582,7.0,0.0,472.2990699406182,472.2990699406182,451.3695312553523,456.19921875328373,462.44453125154905,477.62031250186965,606.2273437450472
64-bit,Series,0.0002511886431509582,7.6,3.6431804339628604e-16,17.36430082774486,17.36430082774486,16.29204101560866,17.270288086068675,17.393554687439305,17.61328124993966,18.81286621085998
64-bit,Gauss-Legendre,0.0002511886431509582,7.6,7.911572893108373e-07,764.4462053570627,764.4462053570627,734.2289062464147,745.5367187461093,752.7734374974671,790.4031250021148,803.2218750031461
64-bit,QAGS,0.0002511886431509582,7.6,0.0,851.1206101184414,851.1206101184414,831.0609375001832,840.3312500036009,845.1046874995427,856.4906249972637,906.3218750071655
32-bit,Series,0.0002511886431509582,7.6,3.6431804339628604e-16,15.452042643214812,15.452042643214812,15.242089843825468,15.354467773232017,15.441772460933478,15.587182617293749,15.74331054698952
32-bit,Gauss-Legendre,0.0002511886431509582,7.6,7.911572893108373e-07,763.3494419648302,763.3494419648302,735.930468749757,745.2460937500405,748.4578124987706,766.5398437453064,927.1773437546926
32-bit,QAGS,0.0002511886431509582,7.6,0.0,472.2510416655047,472.2510416655047,448.0601562519837,462.0390624978654,475.2671874967973,479.2578124934721,521.1585937487939
64-bit,Series,0.0002511886431509582,8.2,5.525355687403958e-16,17.1743350074326,17.1743350074326,16.30649414052776,16.617944335939328,16.6586181640227,17.209228515779884,20.116601562536474
64-bit,Gauss-Legendre,0.0002511886431509582,8.2,1.260209050260374e-06,787.3322916665195,787.3322916665195,741.8406249968257,762.0968750075008,787.5171875042497,795.923437507895,875.5703125018499
64-bit,QAGS,0.0002511886431509582,8.2,0.0,894.3071428588955,894.3071428588955,852.9468749998159,867.6250000121399,889.6218750038543,903.7812499883557,957.4125000000322
32-bit,Series,0.0002511886431509582,8.2,5.525355687403958e-16,15.935831705750555,15.935831705750555,15.267333984381182,15.524218750062602,15.863183593589625,16.234277343762926,17.866088867224406
32-bit,Gauss-Legendre,0.0002511886431509582,8.2,1.7449114621424235e-05,675.138467262029,675.138467262029,641.7882812499442,657.9765625005507,664.0257812478012,677.3226562515333,754.0968749992771
32-bit,QAGS,0.0002511886431509582,8.2,1.8417852291346528e-16,470.6943452390534,470.6943452390534,445.07187500641976,450.2437499951384,463.6500000003707,482.0109375032189,540.2703124985919
64-bit,Series,0.0002511886431509582,8.8,3.7184527520496616e-16,16.716667829245562,16.716667829245562,16.21464843748477,16.469921874984195,16.721777343908784,16.908496093703818,17.41257324217038
64-bit,Gauss-Legendre,0.0002511886431509582,8.8,1.6945788426028701e-06,755.3072916675909,755.3072916675909,741.2507812531999,748.4656250014154,753.3976562541511,763.7632812489414,776.2320312565407
64-bit,QAGS,0.0002511886431509582,8.8,1.8592263760248308e-16,916.8924107136775,916.8924107136775,873.2984375114938,892.2640625002032,928.3890625084723,935.7078125020735,949.429687494785
32-bit,Series,0.0002511886431509582,8.8,3.7184527520496616e-16,16.334869094152584,16.334869094152584,15.545800781335828,16.150537109460572,16.43449707033895,16.573950195386544,16.79592285164233
32-bit,Gauss-Legendre,0.0002511886431509582,8.8,1.6945788426028701e-06,773.3915922610804,773.3915922610804,739.7203125023566,758.5679687522884,762.085937502377,772.6445312457031,936.5499999987037
32-bit,QAGS,0.0002511886431509582,8.8,1.8592263760248308e-16,459.27455357166366,459.27455357166366,446.93750000135424,450.74687500346045,452.5406249982211,460.28984375112714,531.4304687544791
64-bit,Series,0.0002511886431509582,9.4,9.372204967732177e-16,17.289970470584542,17.289970470584542,16.42087402342618,16.735278320245683,17.04355468756802,17.405761718602974,19.740039062465797
64-bit,Gauss-Legendre,0.0002511886431509582,9.4,2.0921653474888437e-06,792.8828124977914,792.8828124977914,748.7953125036029,784.3843749952839,793.7609374977228,804.1531249887157,834.1796875015461
64-bit,QAGS,0.0002511886431509582,9.4,0.0,933.118452383583,933.118452383583,898.778125005606,928.0906250097587,933.1015625093642,939.2781249886184,961.9296874916472
32-bit,Series,0.0002511886431509582,9.4,9.372204967732177e-16,16.289320591511032,16.289320591511032,15.64719238267287,16.160668945275347,16.28745117177033,16.491064453116877,17.223754882778053
32-bit,Gauss-Legendre,0.0002511886431509582,9.4,2.0921653474888437e-06,760.1218377979129,760.1218377979129,736.6421874976936,744.2289062495888,746.7445312485665,753.7718749972555,902.8609375008045
32-bit,QAGS,0.0002511886431509582,9.4,1.8744409935464356e-16,469.39218749978784,469.39218749978784,448.1484375062905,455.2742187513559,458.94218749964466,468.07890625188975,631.7343750055215
64-bit,Series,0.0002511886431509582,10.0,1.8878298569812286e-16,16.46179431734142,16.46179431734142,15.702978515719224,16.015161132809652,16.16455078123913,16.30285644527163,20.650488281370727
64-bit,Gauss-Legendre,0.0002511886431509582,10.0,2.453033061817947e-06,790.1118675600776,790.1118675600776,752.4195312527127,787.0281250035305,792.5023437493905,801.4492187555788,825.3093750028029
64-bit,QAGS,0.0002511886431509582,10.0,1.8878298569812286e-16,1180.4214285697462,1180.4214285697462,1135.7968749905467,1168.781250001416,1179.1281249884378,1192.735937493694,1207.5875000050473
32-bit,Series,0.0002511886431509582,10.0,1.8878298569812286e-16,15.163434709842775,15.163434709842775,14.252929687375016,14.738549804604872,15.061083984413415,15.276953124976345,19.019995117108834
32-bit,Gauss-Legendre,0.0002511886431509582,10.0,2.453033061817947e-06,799.5192708326233,799.5192708326233,789.8757812512258,793.0617187525968,800.1132812509582,803.3671875011805,811.9250000007128
32-bit,QAGS,0.0002511886431509582,10.0,1.8878298569812286e-16,476.8622023818346,476.8622023818346,444.70703125654154,473.67421875321725,476.670312501426,478.9585937530205,507.4664062476586
64-bit,Series,0.0006309573444801936,1.0,1.329500009026094e-11,17.66008649554488,17.66008649554488,17.048999023439038,17.386352539228156,17.503588867207043,17.768383788974162,19.023217773250778
64-bit,Gauss-Legendre,0.0006309573444801936,1.0,8.430199137663783e-12,589.0694568455907,589.0694568455907,569.8289062507911,585.2296875019647,591.727343746129,594.2718750020504,600.5093749976709
64-bit,QAGS,0.0006309573444801936,1.0,1.415009003082361e-16,455.15997023670707,455.15997023670707,446.7328124988512,451.8976562479793,455.16406250101227,459.7554687464367,464.49062499931415
32-bit,Series,0.0006309573444801936,1.0,3.95616707135785e-11,16.17007998511695,16.17007998511695,15.583935546903405,15.730029296889825,16.087011718735056,16.20151367154321,19.292333984566312
32-bit,Gauss-Legendre,0.0006309573444801936,1.0,1.8456628316289995e-07,328.09572172591095,328.09572172591095,321.24609375117075,324.015234376418,325.727734374226,328.0128906268942,350.41445312344877
32-bit,QAGS,0.0006309573444801936,1.0,1.6131102635138916e-14,399.2769345238062,399.2769345238062,378.26015625341824,384.7687500027064,395.45468749935253,402.98828125173713,479.79218749816255
64-bit,Series,0.0006309573444801936,1.6,0.0,17.05266113285898,17.05266113285898,16.63264160156608,16.825830078115445,16.96870117195992,17.07211914081519,18.322509765633654
64-bit,Gauss-Legendre,0.0006309573444801936,1.6,1.6826772447216215e-11,789.3056547616305,789.3056547616305,737.2500000002447,749.4859375043461,759.7781250012758,788.5546875030514,1031.4015624999229
64-bit,QAGS,0.0006309573444801936,1.6,0.0,475.8740699395097,475.8740699395097,446.3398437479782,466.62656249907286,477.77656249792244,484.4718749978938,530.6539062459592
32-bit,Series,0.0006309573444801936,1.6,3.750854551366092e-14,15.201718284967617,15.201718284967617,14.932006835888245,15.09614257821923,15.132348632818093,15.32250976565841,15.55712890621841
32-bit,Gauss-Legendre,0.0006309573444801936,1.6,1.5074960249457974e-07,470.8448660718458,470.8448660718458,465.98281249998763,468.9437500005056,470.08046875163245,472.768750000796,477.90859375140826
32-bit,QAGS,0.0006309573444801936,1.6,0.0,414.65706845197496,414.65706845197496,409.59296874376605,411.9289062529674,414.1375000017433,417.28046874567326,422.0124999960717
64-bit,Series,0.0006309573444801936,2.2,2.901345688538417e-16,16.787000093004558,16.787000093004558,16.355859374872495,16.562182617141374,16.731420898530303,16.958007812650777,17.65717773438702
64-bit,Gauss-Legendre,0.0006309573444801936,2.2,6.395697422357201e-11,769.5909970234452,769.5909970234452,739.6015625005248,746.2921875003303,750.609375003819,771.260156248843,909.3234374972781
64-bit,QAGS,0.0006309573444801936,2.2,1.4506728442692086e-16,816.9582589286642,816.9582589286642,798.0953125041879,809.2078124946056,814.7218749883223,822.7437500067936,847.1671875014408
32-bit,Series,0.0006309573444801936,2.2,2.901345688538417e-16,15.71125372025142,15.71125372025142,15.341796874901448,15.5022705077279,15.755761718638794,15.89279785152442,16.081030273396024
32-bit,Gauss-Legendre,0.0006309573444801936,2.2,5.157000494662609e-07,441.1658110121782,441.1658110121782,431.413281248183,433.77343749995134,435.85859374672964,442.7234375015132,471.98125000136315
32-bit,QAGS,0.0006309573444801936,2.2,1.0880046332019064e-14,386.14019717254587,386.14019717254587,375.16679687499277,378.79609374869005,381.6398437521684,393.84531250163946,400.94296875281543
64-bit,Series,0.0006309573444801936,2.8,1.709719999902114e-16,17.294677734359084,17.294677734359084,16.577441406262494,17.163500976469237,17.337158203067915,17.49479980461821,18.100024414158256
64-bit,Gauss-Legendre,0.0006309573444801936,2.8,2.7105387962448146e-11,751.4236607134096,751.4236607134096,735.433593746393,741.8171875031021,746.7398437484007,755.0570312488958,795.4039062525453
64-bit,QAGS,0.0006309573444801936,2.8,1.709719999902114e-16,454.5316220235426,454.5316220235426,445.07187499931433,452.27187500529453,454.1937500022186,458.0703124972274,466.01171874982583
32-bit,Series,0.0006309573444801936,2.8,1.709719999902114e-16,15.529647972499307,15.529647972499307,15.234790039064805,15.400659179709564,15.536206054767021,15.630688476431231,15.818066406270148
32-bit,Gauss-Legendre,0.0006309573444801936,2.8,1.0860946519170663e-06,443.5596354158953,443.5596354158953,415.14140625054097,423.3499999983792,434.02499999700694,443.89843749570446,544.9093750016232
32-bit,QAGS,0.0006309573444801936,2.8,4.445271999745496e-15,383.0648995536159,383.0648995536159,376.2226562500359,377.774609376047,380.26093750076484,380.799218753225,442.4953124981812
64-bit,Series,0.0006309573444801936,3.4,1.87733934083183e-16,16.93790922619427,16.93790922619427,16.336474609301987,16.518847656188385,16.652026367136585,16.89816894545615,21.474829101642
64-bit,Gauss-Legendre,0.0006309573444801936,3.4,8.323183967577919e-12,764.843191964544,764.843191964544,741.9601562546063,745.3445312464169,752.5265624934718,782.1835937491528,827.254687500556
64-bit,QAGS,0.0006309573444801936,3.4,0.0,417.89590773856304,417.89590773856304,410.2562499994633,412.0804687488544,415.18124999839756,419.9054687532566,436.5054687482939
32-bit,Series,0.0006309573444801936,3.4,1.87733934083183e-16,15.549174572190983,15.549174572190983,15.165234374947545,15.354223632746411,15.553271484503028,15.615063476692725,16.266015625099328
32-bit,Gauss-Legendre,0.0006309573444801936,3.4,1.1618630809563274e-07,490.63251488167305,490.63251488167305,481.9734375018925,485.66406250216687,488.8679687482522,491.64218749808697,519.1156250035078
32-bit,QAGS,0.0006309573444801936,3.4,0.0,382.9715959821015,382.9715959821015,375.17382812524147,376.0933593746074,379.426562499674,380.49023437380924,450.5289062493034
64-bit,Series,0.0006309573444801936,4.0,1.9946729361921054e-16,17.261109561038708,17.261109561038708,16.894750976659267,17.08217773432885,17.263037109360724,17.394287109562256,18.0143798826915
64-bit,Gauss-Legendre,0.0006309573444801936,4.0,1.325220805347311e-11,746.478757440695,746.478757440695,734.9898437496449,740.356249998797,742.1148437529723,746.2226562537921,791.4546874943085
64-bit,QAGS,0.0006309573444801936,4.0,1.9946729361921054e-16,453.401302083632,453.401302083632,445.02812500013533,449.35078125263317,451.8359375040859,456.34453125131813,471.85859374820893
32-bit,Series,0.0006309573444801936,4.0,1.9946729361921054e-16,15.642831566203037,15.642831566203037,15.23513183587788,15.425683593583983,15.607275390516762,15.77651367190569,16.336669921956926
32-bit,Gauss-Legendre,0.0006309573444801936,4.0,2.0297899949857466e-07,472.5046502979271,472.5046502979271,465.2437499998996,467.87812500070913,471.92968749953934,473.67421875321725,495.31953124670736
32-bit,QAGS,0.0006309573444801936,4.0,1.5957383489536844e-15,387.43363095235173,387.43363095235173,375.9140625021473,379.1835937505539,382.23242187385154,385.97890625169384,458.0148437476339
64-bit,Series,0.0006309573444801936,4.6,2.081397782721422e-16,16.679967680420845,16.679967680420845,16.259106445204452,16.452758789142763,16.640307617166172,16.80117187485841,17.56616210935036
64-bit,Gauss-Legendre,0.0006309573444801936,4.6,1.2875526683914716e-12,742.9311383928973,742.9311383928973,733.8578124986839,739.0382812531016,742.2468749993527,744.5976562507894,758.204687500097
64-bit,QAGS,0.0006309573444801936,4.6,2.081397782721422e-16,450.511681547723,450.511681547723,445.34843750199116,447.9078125001479,449.28515625031196,453.6578124998414,459.14609374619886
32-bit,Series,0.0006309573444801936,4.6,2.081397782721422e-16,15.801247442344865,15.801247442344865,15.155053711080058,15.332250976607398,15.521118164052439,15.620947265482243,21.80334472656753
32-bit,Gauss-Legendre,0.0006309573444801936,4.6,2.465795193623828e-07,479.4463541679354,479.4463541679354,465.1460937523666,469.1976562511968,470.8664062533785,472.8640625017988,629.4273437461584
32-bit,QAGS,0.0006309573444801936,4.6,1.0406988913607108e-15,378.6484188983947,378.6484188983947,374.91796875244177,376.2925781245485,377.7140624983133,379.4218749995082,391.1445312496653
64-bit,Series,0.0006309573444801936,5.2,2.1481092090020464e-16,16.805748930418368,16.805748930418368,16.265405273330202,16.488281250115477,16.696215820344307,17.009570312476185,17.86914062495981
64-bit,Gauss-Legendre,0.0006309573444801936,5.2,1.3628464065592583e-11,744.3813988080213,744.3813988080213,733.7140625054417,737.9312500006563,740.6515625092425,743.5890624947206,802.8000000024349
64-bit,QAGS,0.0006309573444801936,5.2,2.1481092090020464e-16,806.0578125009345,806.0578125009345,798.8671874983311,801.9515624937412,804.7406250000222,808.5890625011416,819.7890625041282
32-bit,Series,0.0006309573444801936,5.2,2.1481092090020464e-16,15.671405319978811,15.671405319978811,15.252270507692955,15.487939453162625,15.583471679736505,15.811010742217135,16.419531249978192
32-bit,Gauss-Legendre,0.0006309573444801936,5.2,4.30839247895242e-07,460.97552083373165,460.97552083373165,446.4671875012982,448.1210937470337,453.04531249712454,457.07499999991796,609.225781253997
32-bit,QAGS,0.0006309573444801936,5.2,8.592436836008186e-16,378.72274925545986,378.72274925545986,374.42539062482183,376.2999999992189,377.7742187516253,380.65156250155496,388.53632812418937
64-bit,Series,0.0006309573444801936,5.8,2.2010182739961184e-16,16.464791434128976,16.464791434128976,16.18298339844948,16.38840332018887,16.50256347662804,16.545361328113017,16.710717773538164
64-bit,Gauss-Legendre,0.0006309573444801936,5.8,2.475199120387815e-11,754.7284598218982,754.7284598218982,736.057812503077,741.9046875014601,745.2921874957497,755.5757812482966,800.3851562534692
64-bit,QAGS,0.0006309573444801936,5.8,2.2010182739961184e-16,807.3953869021416,807.3953869021416,797.5968749889262,801.025000001232,805.0828124908094,810.7546874924765,824.9140624911888
32-bit,Series,0.0006309573444801936,5.8,2.2010182739961184e-16,15.999344308049672,15.999344308049672,15.19726562504431,15.315454101605397,15.336547851463322,15.680590820466023,21.2159179686644
32-bit,Gauss-Legendre,0.0006309573444801936,5.8,3.7501691975911516e-08,506.44683779699744,506.44683779699744,498.69687499892734,502.4007812437503,505.3351562480657,507.5828125029602,533.360156254048
32-bit,QAGS,0.0006309573444801936,5.8,4.4020365479922367e-16,378.1074962797823,378.1074962797823,374.31640625129603,376.68203124852084,377.2703125015653,379.1113281259584,384.14453124957504
64-bit,Series,0.0006309573444801936,6.3999999999999995,3.366010336181964e-16,16.765745907693347,16.765745907693347,16.262475585726577,16.436889648474562,16.664941406174805,16.845849609481434,18.090112304580686
64-bit,Gauss-Legendre,0.0006309573444801936,6.3999999999999995,3.040360056190813e-11,753.900706845979,753.900706845979,736.602343749837,741.0992187502075,749.5351562525343,755.260156253712,799.5898437513915
64-bit,QAGS,0.0006309573444801936,6.3999999999999995,0.0,819.0554315476782,819.0554315476782,797.7374999939002,799.9031249994459,803.2703125024909,817.3687500061533,951.8937499990443
32-bit,Series,0.0006309573444801936,6.3999999999999995,3.366010336181964e-16,15.524522181924253,15.524522181924253,15.346337890465023,15.46291503906616,15.530249023454346,15.596728515587799,15.714379882902918
32-bit,Gauss-Legendre,0.0006309573444801936,6.3999999999999995,5.891861665004227e-08,503.20803571307374,503.20803571307374,497.6085937542507,500.98437499457305,502.77265624742995,505.4726562505607,511.1460937499146
32-bit,QAGS,0.0006309573444801936,6.3999999999999995,0.0,377.84694940427926,377.84694940427926,374.2347656228162,376.54765624850484,378.1671874989456,379.4015624976055,380.65624999816805
64-bit,Series,0.0006309573444801936,7.0,2.279626031283969e-16,16.577446056521506,16.577446056521506,16.090747070318656,16.242919921971577,16.47082519529164,16.702636718823882,17.52717285152805
64-bit,Gauss-Legendre,0.0006309573444801936,7.0,3.1276925074422315e-11,762.1726562491848,762.1726562491848,737.8695312496575,743.0359374964723,746.8765625020524,770.6828125009224,904.6171875013442
64-bit,QAGS,0.0006309573444801936,7.0,1.1398130156419846e-16,805.4488095249706,805.4488095249706,794.8328124882664,800.2000000004728,804.9828124967462,810.3625000046577,817.6671875048669
32-bit,Series,0.0006309573444801936,7.0,2.279626031283969e-16,15.028729538687664,15.028729538687664,14.766748047012612,14.899829101633344,15.074072265530702,15.124560546864174,15.333178710941198
32-bit,Gauss-Legendre,0.0006309573444801936,7.0,9.519032715951825e-07,436.7331473210085,436.7331473210085,430.36249999772735,433.1789062490543,434.9804687464598,437.42421875236914,459.7718750005697
32-bit,QAGS,0.0006309573444801936,7.0,1.1398130156419846e-16,381.4965959823743,381.4965959823743,375.0332031273729,377.2324218758172,378.39257812422034,381.5507812490182,398.97500000307673
64-bit,Series,0.0006309573444801936,7.6,3.4644316462613844e-16,16.50873209635946,16.50873209635946,16.172851562634705,16.424584960983424,16.471899414227664,16.662377929632655,16.75695800784638
64-bit,Gauss-Legendre,0.0006309573444801936,7.6,2.8804901441785406e-11,766.183742559265,766.183742559265,738.0664062495157,743.2765624955096,749.5882812520449,765.981249998049,934.0726562498958
64-bit,QAGS,0.0006309573444801936,7.6,2.30962109750759e-16,953.6258184518992,953.6258184518992,935.3531250013702,940.1046875012753,950.0484375024598,955.1296874974469,1036.9703124979424
32-bit,Series,0.0006309573444801936,7.6,3.4644316462613844e-16,15.453866722462248,15.453866722462248,15.2629638670021,15.352172851645918,15.459472656242923,15.507006835946413,15.691357421854235
32-bit,Gauss-Legendre,0.0006309573444801936,7.6,8.360263878485033e-08,504.9499255948474,504.9499255948474,501.4257812518963,503.0585937504384,504.59062499896845,506.27968749950014,510.41249999883576
32-bit,QAGS,0.0006309573444801936,7.6,1.154810548753795e-16,379.33818824344354,379.33818824344354,374.49257812482983,377.0542968766222,378.2558593741214,380.11445312591263,392.7628906232883
64-bit,Series,0.0006309573444801936,8.2,2.335226642201843e-16,16.907223074786025,16.907223074786025,16.288012695264698,16.50661621099836,16.548046875008993,16.61613769532444,22.855151367018323
64-bit,Gauss-Legendre,0.0006309573444801936,8.2,2.440195079768816e-11,748.3191964295445,748.3191964295445,734.4007812548625,739.5835937558104,741.7101562481321,745.5445312558595,814.6851562500501
64-bit,QAGS,0.0006309573444801936,8.2,0.0,771.5572172614992,771.5572172614992,765.4171875017823,768.3851562489963,770.61796875455,774.7164062479328,780.3851562471209
32-bit,Series,0.0006309573444801936,8.2,2.335226642201843e-16,15.322809709823153,15.322809709823153,15.117675781217699,15.269921874949688,15.34162597649491,15.39438476561017,15.49191894523183
32-bit,Gauss-Legendre,0.0006309573444801936,8.2,1.226868645127191e-07,486.4530133946773,486.4530133946773,482.1726562553863,484.127343753471,485.7835937528421,488.4804687534938,492.74062499904403
32-bit,QAGS,0.0006309573444801936,8.2,2.335226642201843e-16,381.9933221730512,381.9933221730512,374.85898437594756,376.2429687483859,377.01679687529577,378.68671875074256,464.24531250011114
64-bit,Series,0.0006309573444801936,8.8,5.893351304887824e-16,16.82254231769175,16.82254231769175,16.30112304673581,16.490942382763052,16.67019042961293,17.011669921851436,17.95644531243923
64-bit,Gauss-Legendre,0.0006309573444801936,8.8,1.919110918923671e-11,743.2851190483938,743.2851190483938,735.4257812508536,740.1265625048836,743.6007812557932,747.1968749968028,753.6476562464145
64-bit,QAGS,0.0006309573444801936,8.8,1.1786702609775647e-16,626.0331101176895,626.0331101176895,619.0578125000457,622.970312498694,625.9062500006962,628.8328125023668,634.9421874958239
32-bit,Series,0.0006309573444801936,8.8,5.893351304887824e-16,15.498258463560111,15.498258463560111,15.236425781273155,15.33859863278586,15.48525390626665,15.610156250067675,15.943627929670967
32-bit,Gauss-Legendre,0.0006309573444801936,8.8,1.4817651323580444e-07,501.3305803571945,501.3305803571945,482.4234375035985,484.4226562497056,486.3882812458087,496.69062499901884,672.3421874994528
32-bit,QAGS,0.0006309573444801936,8.8,1.1786702609775647e-16,382.841424851169,382.841424851169,375.6230468745514,376.96757812355486,378.21640625068653,384.25117187657065,409.21835937623996
64-bit,Series,0.0006309573444801936,9.4,5.941578383506425e-16,16.57309221539262,16.57309221539262,16.256372070255765,16.3682617186911,16.42778320309901,16.543603515550842,17.54152832011968
64-bit,Gauss-Legendre,0.0006309573444801936,9.4,1.396413518005214e-11,741.7809523801786,741.7809523801786,735.4453125003602,738.7156250047155,741.2593749975827,743.8406249988816,751.7492187503194
64-bit,QAGS,0.0006309573444801936,9.4,1.188315676701285e-16,805.9162946455531,805.9162946455531,796.5453124967325,800.2093750008044,804.5750000036378,811.8031250035074,821.7828124941207
32-bit,Series,0.0006309573444801936,9.4,5.941578383506425e-16,15.918975539404235,15.918975539404235,15.238671875028587,15.3728515626117,15.458032226467466,15.635522460755169,21.817260742018618
32-bit,Gauss-Legendre,0.0006309573444801936,9.4,1.6822292983776293e-07,488.080766369795,488.080766369795,483.08828125698255,486.96015625182554,487.84374999399915,489.54296875081127,494.0234374970487
32-bit,QAGS,0.0006309573444801936,9.4,2.37663135340257e-16,388.536402529687,388.536402529687,374.59570312492474,376.1015624981212,379.8730468744793,386.7550781251339,487.67070312294436
64-bit,Series,0.0006309573444801936,10.0,2.3936072852025646e-16,15.92875162760775,15.92875162760775,15.550952148446484,15.709497070304224,15.79689941411111,16.02319335947122,16.827246093864545
64-bit,Gauss-Legendre,0.0006309573444801936,10.0,9.219337500050457e-12,744.8151413692964,744.8151413692964,737.214062496605,740.695312501316,742.2218750008369,746.3289062528133,772.3085937527685
64-bit,QAGS,0.0006309573444801936,10.0,1.1968036426012823e-16,637.5819940470386,637.5819940470386,619.9656249989971,623.2406249964129,628.3773437445461,631.4640625006973,749.0789062458703
32-bit,Series,0.0006309573444801936,10.0,2.3936072852025646e-16,14.523403785350805,14.523403785350805,14.179931640656562,14.287499999987574,14.415991210769974,14.569384765517057,15.668969726601034
32-bit,Gauss-Legendre,0.0006309573444801936,10.0,1.8328409471215855e-07,487.2756324398134,487.2756324398134,483.15468750104174,485.43281250346126,486.1859374969413,488.86640624346,493.19375000322907
32-bit,QAGS,0.0006309573444801936,10.0,1.1968036426012823e-16,384.1357514881492,384.1357514881492,375.00859374972606,377.2628906268949,379.6800781223908,385.3917968754672,417.2007812499601
64-bit,Series,0.001584893192461114,1.0,6.28342642980831e-12,17.590806361608305,17.590806361608305,17.207714843703315,17.35183105466831,17.479614257798204,17.714843749905285,18.528125000027984
64-bit,Gauss-Legendre,0.001584893192461114,1.0,5.790271915012735e-13,579.8110119054438,579.8110119054438,550.1343750040633,556.487500006142,561.8531249993453,587.3742187461062,803.9781249991051
64-bit,QAGS,0.001584893192461114,1.0,2.0445875406118413e-16,773.0354166656504,773.0354166656504,760.415624995403,764.6328124906177,768.2015624936867,774.5359374951022,823.8484375056032
32-bit,Series,0.001584893192461114,1.0,5.395257602166527e-11,16.288599795368683,16.288599795368683,15.652465820359396,15.904956054857422,16.138378906349615,16.610034179631583,17.131713867080123
32-bit,Gauss-Legendre,0.001584893192461114,1.0,2.0663370143650405e-07,200.13692336293263,200.13692336293263,196.6679687477324,199.05156250032974,200.3304687505647,201.26015624910565,204.61601562615783
32-bit,QAGS,0.001584893192461114,1.0,2.0445875406118413e-16,349.45619419583335,349.45619419583335,338.56249999786314,341.7800781235769,344.30585937528235,347.0664062490414,409.40742187345336
64-bit,Series,0.001584893192461114,1.6,2.530843404238298e-16,16.122424897716904,16.122424897716904,15.715307617236718,15.871997070426858,15.955346679863425,16.1061035155452,17.479711914125673
64-bit,Gauss-Legendre,0.001584893192461114,1.6,2.817334877598073e-12,746.6209821429748,746.6209821429748,734.9656249999725,739.6492187510262,744.230468754381,746.7898437454323,771.9429687469415
64-bit,QAGS,0.001584893192461114,1.6,1.265421702119149e-16,379.9303757444269,379.9303757444269,375.16953124949737,376.97187499929896,379.1316406243084,380.37226562437354,399.0777343751972
32-bit,Series,0.001584893192461114,1.6,1.1325524233966383e-13,15.278386579252258,15.278386579252258,14.974951171975448,15.173120117228933,15.280761718861058,15.351440429745011,15.828393554739861
32-bit,Gauss-Legendre,0.001584893192461114,1.6,1.5299219596453925e-07,270.34300595220526,270.34300595220526,262.9093749995093,264.19531249999295,265.5097656258931,267.55664062605433,350.37304687435267
32-bit,QAGS,0.001584893192461114,1.6,5.061686808476596e-16,347.7133928569066,347.7133928569066,338.0878906256157,342.7140625014147,343.85429687588953,348.58828124839647,368.1527343744051
64-bit,Series,0.001584893192461114,2.2,0.0,17.18700125557817,17.18700125557817,16.424902343770142,16.552856445306574,17.433447265569058,17.618554687626187,18.209228515697617
64-bit,Gauss-Legendre,0.001584893192461114,2.2,4.012157332988851e-12,766.0921502972785,766.0921502972785,738.7234375002549,745.7796874987821,760.2109375000055,789.3429687513276,806.4773437510553
64-bit,QAGS,0.001584893192461114,2.2,0.0,396.94929315526815,396.94929315526815,377.5257812463906,393.3234374997596,398.9515625022477,402.2070312501569,418.2906249994289
32-bit,Series,0.001584893192461114,2.2,0.0,16.398761858247926,16.398761858247926,15.465380859280842,16.146630859470434,16.241992187415732,16.344848632776632,21.02006835946746
32-bit,Gauss-Legendre,0.001584893192461114,2.2,2.7063359381355317e-08,303.90187872037745,303.90187872037745,291.5816406243721,292.64296875197715,297.0140625002671,308.09453125257846,379.1437500026973
32-bit,QAGS,0.001584893192461114,2.2,1.8393422880799756e-16,350.82070312512997,350.82070312512997,340.17695312726914,342.9824218734723,348.01132812489755,356.621484375097,371.5867187494837
64-bit,Series,0.001584893192461114,2.8,0.0,16.67721470422463,16.67721470422463,16.32875976564918,16.48032226575502,16.54260253891593,16.636499023503504,17.595190429542384
64-bit,Gauss-Legendre,0.001584893192461114,2.8,4.683714578047874e-12,742.6465401793723,742.6465401793723,734.3664062489097,739.304687499498,740.3992187491326,742.9781250039014,769.8664062516514
64-bit,QAGS,0.001584893192461114,2.8,0.0,387.23141741044066,387.23141741044066,375.7871093768017,377.5874999973894,379.4171874993424,386.02460937653404,482.1750000019165
32-bit,Series,0.001584893192461114,2.8,0.0,16.044521949444754,16.044521949444754,15.339916992207492,15.496899414157994,15.970874023496506,16.321240234207224,18.178759765730135
32-bit,Gauss-Legendre,0.001584893192461114,2.8,3.8696652358689416e-08,309.4419270832121,309.4419270832121,294.0953125012413,297.1703124998726,304.8253906250409,320.3042968742409,342.08632812493533
32-bit,QAGS,0.001584893192461114,2.8,0.0,359.890531994113,359.890531994113,340.08906250093673,348.42070312279816,357.95937499827346,365.5640625019885,407.916015625176
64-bit,Series,0.001584893192461114,3.4,2.380309946038746e-16,16.547405133936014,16.547405133936014,16.331201171837506,16.415063476493685,16.532812500136274,16.659472656055385,16.810913086029444
64-bit,Gauss-Legendre,0.001584893192461114,3.4,5.121474879896966e-12,754.2813244057136,754.2813244057136,733.0359375004036,738.4500000000571,742.4460937528465,748.0007812503686,930.8195312556222
64-bit,QAGS,0.001584893192461114,3.4,1.190154973019373e-16,391.7108258925899,391.7108258925899,377.6054687492092,381.3250000028745,395.46914062427163,400.6289062488122,403.09335937394053
32-bit,Series,0.001584893192461114,3.4,2.380309946038746e-16,16.24520438058327,16.24520438058327,15.735693359220093,16.111499023363507,16.28293457023311,16.334521484528963,16.877050781349823
32-bit,Gauss-Legendre,0.001584893192461114,3.4,9.626712377101887e-08,293.1720052080168,293.1720052080168,277.27187499948514,291.21953124899846,294.53007812563214,297.2292968763668,309.1839843740729
32-bit,QAGS,0.001584893192461114,3.4,0.0,361.59998139849233,361.59998139849233,343.3953124982736,355.3851562472232,358.9832031245521,363.20781249798983,428.43906249956376
64-bit,Series,0.001584893192461114,4.0,1.2645392050704052e-16,17.183115931906904,17.183115931906904,16.727929687432308,16.908325195519325,17.08061523419957,17.30673828137519,18.701269531185005
64-bit,Gauss-Legendre,0.001584893192461114,4.0,5.433219148505502e-12,773.3818080351641,773.3818080351641,740.3265625001154,747.7648437514972,771.9109375017297,789.8156249979138,871.5390625013697
64-bit,QAGS,0.001584893192461114,4.0,0.0,752.3694568459539,752.3694568459539,729.0328125009182,735.9085937537202,752.8328125019357,762.3914062477866,785.499218750374
32-bit,Series,0.001584893192461114,4.0,1.2645392050704052e-16,15.539785621272658,15.539785621272658,15.294824218692327,15.409399414023639,15.474780273416755,15.543261718820034,16.35598144522632
32-bit,Gauss-Legendre,0.001584893192461114,4.0,8.966754167515516e-08,286.1170944937287,286.1170944937287,276.7707031239297,278.1484374985155,280.1648437511517,281.8187500004399,387.9164062468021
32-bit,QAGS,0.001584893192461114,4.0,0.0,344.5504836307799,344.5504836307799,340.48828125321506,341.9210937494199,343.5675781240377,347.3554687509761,349.86562500094465
64-bit,Series,0.001584893192461114,4.6,1.319518915549311e-16,16.689313616054704,16.689313616054704,16.179663085980067,16.38850097651634,16.563232421829,16.866748046906466,17.701684570159415
64-bit,Gauss-Legendre,0.001584893192461114,4.6,5.6673337422842915e-12,743.518675597394,743.518675597394,730.6765624974787,737.2984374995895,741.3890625116437,745.7625000029111,784.4187500012367
64-bit,QAGS,0.001584893192461114,4.6,1.319518915549311e-16,382.13164062502375,382.13164062502375,375.7312499992338,378.54570312489955,380.03906250239083,384.08398437539404,400.6371093758787
32-bit,Series,0.001584893192461114,4.6,1.319518915549311e-16,15.898543294259749,15.898543294259749,15.240869140731306,15.463964843753786,15.655444336015734,15.745458984417482,21.391748046717396
32-bit,Gauss-Legendre,0.001584893192461114,4.6,2.5872329880275523e-07,267.4197916667998,267.4197916667998,263.4605468720963,264.7902343753117,266.8574218773756,267.87031249853044,279.69179687303836
32-bit,QAGS,0.001584893192461114,4.6,1.319518915549311e-16,350.88562127970675,350.88562127970675,337.2328125017532,343.8214843747289,347.1234374998744,349.89453125078285,436.6968750026956
64-bit,Series,0.001584893192461114,5.2,4.0854330720798585e-16,16.699648902522636,16.699648902522636,16.323608398538525,16.524389648386872,16.60358886712565,16.732153320209164,17.71411132800438
64-bit,Gauss-Legendre,0.001584893192461114,5.2,5.850748702525565e-12,743.7889508927869,743.7889508927869,729.414062497824,740.194531253735,745.3492187536881,747.2132812509358,755.9960937442156
64-bit,QAGS,0.001584893192461114,5.2,1.3618110240266194e-16,752.5143601194187,752.5143601194187,726.0242187498989,732.9093750030324,740.238281252914,762.6171875045884,913.1867187477383
32-bit,Series,0.001584893192461114,5.2,4.0854330720798585e-16,15.497485351572983,15.497485351572983,15.19633789071051,15.334252929655179,15.391235351547294,15.72795410154093,15.767138671796133
32-bit,Gauss-Legendre,0.001584893192461114,5.2,3.026187818706118e-08,295.5864583335759,295.5864583335759,289.22226562499986,292.72343750008645,296.0730468721806,298.0339843752233,306.28515624897545
32-bit,QAGS,0.001584893192461114,5.2,0.0,345.70046502986025,345.70046502986025,336.60664062651335,342.9789062501243,346.9859375009321,348.9644531278202,351.95898437478945
64-bit,Series,0.001584893192461114,5.8,0.0,16.604666573652846,16.604666573652846,16.292431640696492,16.40017089843404,16.498193359471003,16.697680663924075,17.33124999980795
64-bit,Gauss-Legendre,0.001584893192461114,5.8,5.998204165409518e-12,759.4989583324043,759.4989583324043,736.9390625058259,739.865625000391,745.1124999988679,750.9734374977484,934.8898437480102
64-bit,QAGS,0.001584893192461114,5.8,1.3953530521807796e-16,391.75859374989983,391.75859374989983,374.1460937476404,376.61406249966944,378.96367187428837,386.8898437495716,476.05078125201317
32-bit,Series,0.001584893192461114,5.8,0.0,19.38800571984108,19.38800571984108,15.858251953160263,16.494458007665358,16.903173828186624,21.856396484443152,27.97619628891468
32-bit,Gauss-Legendre,0.001584893192461114,5.8,3.795255776034582e-08,332.3624069942016,332.3624069942016,312.9066406266645,320.46640625083,333.9035156244563,336.98789062341916,381.5910156248492
32-bit,QAGS,0.001584893192461114,5.8,1.3953530521807796e-16,370.5569940477866,370.5569940477866,361.46601562592195,364.4941406228952,367.29960937620376,369.19140625002456,450.1792968767404
64-bit,Series,0.001584893192461114,6.3999999999999995,4.267817867978109e-16,18.28815452940108,18.28815452940108,17.530371093643637,17.824804687593954,18.180004882850653,18.767333984426315,19.231347656134545
64-bit,Gauss-Legendre,0.001584893192461114,6.3999999999999995,6.11962404089381e-12,841.0944196413081,841.0944196413081,792.4781249926127,831.351562496252,846.0937499989996,853.0968750051215,874.642187497443
64-bit,QAGS,0.001584893192461114,6.3999999999999995,0.0,415.2258184528061,415.2258184528061,397.87343749964066,406.3406249983359,409.04375000394566,426.9593749981482,433.2468749979057
32-bit,Series,0.001584893192461114,6.3999999999999995,4.267817867978109e-16,17.7354899088465,17.7354899088465,16.65563964836636,17.32897949224821,17.74360351558535,18.07336425785344,18.893139648534785
32-bit,Gauss-Legendre,0.001584893192461114,6.3999999999999995,4.04698452616407e-08,326.7591889886441,326.7591889886441,313.36328125064483,316.04023437381557,322.0718750007734,335.9175781270096,351.73984375092004
32-bit,QAGS,0.001584893192461114,6.3999999999999995,0.0,372.39905133950356,372.39905133950356,362.494140624392,365.11132812577785,367.5441406265634,372.59414062518204,441.35039062354053
64-bit,Series,0.001584893192461114,7.0,2.890373873821344e-16,18.270190429690654,18.270190429690654,17.121264648256584,17.486059570304135,17.85048828129021,19.255908203286154,20.267578125121588
64-bit,Gauss-Legendre,0.001584893192461114,7.0,6.2212407260130615e-12,826.5988095246257,826.5988095246257,771.5562500010265,795.5296875081785,819.2093750096774,846.8671874908296,970.7374999976537
64-bit,QAGS,0.001584893192461114,7.0,2.890373873821344e-16,515.5782366071684,515.5782366071684,505.9781249983075,512.7640624991159,516.8312499961303,517.7859374967397,521.5289062476813
32-bit,Series,0.001584893192461114,7.0,2.890373873821344e-16,15.912294224347466,15.912294224347466,15.705541992261374,15.786206054801966,15.85852050789427,15.956127929817043,16.59326171865594
32-bit,Gauss-Legendre,0.001584893192461114,7.0,3.899710611011424e-08,314.9879650301557,314.9879650301557,309.85742187539245,312.8003906276433,315.0527343755982,316.6550781266153,321.8351562530586
32-bit,QAGS,0.001584893192461114,7.0,1.445186936910672e-16,372.7505580355923,372.7505580355923,361.0195312475639,365.8882812480613,366.98007812674405,371.7507812481813,442.6890624991131
64-bit,Series,0.001584893192461114,7.6,1.464202501960091e-16,17.608590262246132,17.608590262246132,17.37329101558771,17.47241210936501,17.55605468756194,17.709252929654085,18.10842285143721
64-bit,Gauss-Legendre,0.001584893192461114,7.6,6.307637958193877e-12,821.2485863082077,821.2485863082077,785.1937500049644,797.4937499994894,800.1765625067492,835.773437501075,948.1312499985961
64-bit,QAGS,0.001584893192461114,7.6,0.0,402.7375372034823,402.7375372034823,397.114843750046,401.05000000068003,401.9218750030973,405.15624999670763,410.1296875020921
32-bit,Series,0.001584893192461114,7.6,1.464202501960091e-16,16.431134905147193,16.431134905147193,16.065502929762943,16.353857421824713,16.403100586037667,16.50036621092532,16.9133056640014
32-bit,Gauss-Legendre,0.001584893192461114,7.6,3.4655930966838274e-08,318.00191592286825,318.00191592286825,312.461718749546,314.29414062245087,315.61835937665705,317.27929687619394,345.1523437476567
32-bit,QAGS,0.001584893192461114,7.6,2.928405003920182e-16,369.35403645833003,369.35403645833003,345.74531250086693,364.4378906244583,365.07617187453434,367.58203124875877,443.9718750006705
64-bit,Series,0.001584893192461114,8.2,1.1843482422564665e-15,17.283405412923024,17.283405412923024,16.373120117041395,16.839038085914027,16.992016601546922,17.881396484398238,19.05581054684191
64-bit,Gauss-Legendre,0.001584893192461114,8.2,6.382304633989816e-12,773.0463913690398,773.0463913690398,735.375781253822,747.4687499993138,756.4890624962572,785.721093748748,900.7757812540262
64-bit,QAGS,0.001584893192461114,8.2,1.4804353028205832e-16,749.4723958340425,749.4723958340425,726.5015624966509,741.5328125048859,747.1843750010976,754.5492187546188,768.9374999984011
32-bit,Series,0.001584893192461114,8.2,1.1843482422564665e-15,15.996591331832313,15.996591331832313,15.153784179711138,15.429296875035803,15.731372070337812,15.954858398448124,20.994580078204095
32-bit,Gauss-Legendre,0.001584893192461114,8.2,2.8382185393901398e-08,300.9002046126292,300.9002046126292,294.1511718752565,297.1117187513528,301.5011718758842,304.00390625118234,310.4976562511297
32-bit,QAGS,0.001584893192461114,8.2,0.0,346.68067336290113,346.68067336290113,338.8812500020322,343.3898437492644,347.6550781229548,349.46640625221903,354.00546875052896
64-bit,Series,0.001584893192461114,8.8,0.0,17.121484375011892,17.121484375011892,16.40329589847056,16.849780273497927,17.00690917982861,17.12219238281243,19.382299804693304
64-bit,Gauss-Legendre,0.001584893192461114,8.8,6.447375780375899e-12,758.779910713751,758.779910713751,740.695312501316,746.6398437472321,755.1679687480828,759.2507812503868,844.6507812465143
64-bit,QAGS,0.001584893192461114,8.8,2.988909081811645e-16,757.102008929253,757.102008929253,727.5304687510697,739.3664062504968,747.211718753249,753.1023437437057,964.555468748074
32-bit,Series,0.001584893192461114,8.8,0.0,15.930335053950174,15.930335053950174,15.265966796906838,15.526245117136739,15.582299804695054,15.94033203122791,19.288183593868524
32-bit,Gauss-Legendre,0.001584893192461114,8.8,1.2504372432091828e-07,283.80146949455053,283.80146949455053,276.6867187489197,279.80546875028267,282.96562500074174,286.77226562479063,299.4468750010526
32-bit,QAGS,0.001584893192461114,8.8,4.483363622717467e-16,348.4323846725785,348.4323846725785,339.473828127268,344.034374997193,348.6386718769552,350.5253906261885,359.93632812392207
64-bit,Series,0.001584893192461114,9.4,4.520052269147762e-16,16.78272995723577,16.78272995723577,16.257543945297215,16.52863769541213,16.740991211072753,16.97377929699151,17.34895019533944
64-bit,Gauss-Legendre,0.001584893192461114,9.4,6.504053878485687e-12,761.2804315481217,761.2804315481217,737.8351562508101,745.6656250042215,749.2820312506865,756.6757812540459,932.6851562505567
64-bit,QAGS,0.001584893192461114,9.4,1.5066840897159207e-16,779.8412946432418,779.8412946432418,762.7570312465082,771.2710937468614,777.6804687438243,786.8953125012013,818.4554687531431
32-bit,Series,0.001584893192461114,9.4,4.520052269147762e-16,16.041176060259993,16.041176060259993,15.151855468742426,15.515161132739763,15.780639648577122,15.855688476618113,20.771679687392464
32-bit,Gauss-Legendre,0.001584893192461114,9.4,1.3151789867687883e-07,292.5683965775945,292.5683965775945,276.8999999993582,283.18749999911574,286.4746093749204,296.36679687783385,350.574218749955
32-bit,QAGS,0.001584893192461114,9.4,3.0133681794318414e-16,358.9040178575314,358.9040178575314,341.495312500939,346.26367187584606,351.48984375155123,353.88320312534916,432.28476562617857
64-bit,Series,0.001584893192461114,10.0,3.0348921863475873e-16,15.96669340589837,15.96669340589837,15.537646484320433,15.751342773429045,15.933422851555079,16.096606445303863,16.460595703149394
64-bit,Gauss-Legendre,0.001584893192461114,10.0,6.5544566548548846e-12,757.589657737867,757.589657737867,736.9476562502086,749.3765625028459,757.0960937499649,762.3218750012484,794.4304687512727
64-bit,QAGS,0.001584893192461114,10.0,0.0,619.7336681547464,619.7336681547464,590.739843744359,609.5179687477525,625.964843749216,629.5750000049338,638.9562500004331
32-bit,Series,0.001584893192461114,10.0,3.0348921863475873e-16,14.782967122407513,14.782967122407513,14.213940429774752,14.643701171879187,14.783251953032206,14.906249999890875,15.270874023309844
32-bit,Gauss-Legendre,0.001584893192461114,10.0,1.3403787744082205e-07,287.4616443450794,287.4616443450794,279.25468750211735,282.6929687493873,283.9703124983828,288.6523437481969,312.5550781248876
32-bit,QAGS,0.001584893192461114,10.0,3.0348921863475873e-16,357.85342261904356,357.85342261904356,341.2257812485109,346.53124999550755,353.1460937509223,355.265624996548,442.7031250031632
64-bit,Series,0.003981071705534973,1.0,6.73857188822247e-13,17.637734840044875,17.637734840044875,17.33603515630122,17.520141601501393,17.599121093780923,17.78601074220454,17.92446289061722
64-bit,Gauss-Legendre,0.003981071705534973,1.0,1.324212986753309e-13,558.5448288695175,558.5448288695175,551.1359374992253,555.6820312477839,558.4625000025767,561.4726562512828,567.595312496394
64-bit,QAGS,0.003981071705534973,1.0,0.0,346.99719122007383,346.99719122007383,340.008203124853,343.88320312572773,345.635546874945,349.86054687635715,355.0777343761524
32-bit,Series,0.003981071705534973,1.0,7.06834461040711e-11,16.126350911463813,16.126350911463813,15.64208984383697,16.035327148333778,16.14370117186681,16.289746093800517,16.427075195446506
32-bit,Gauss-Legendre,0.003981071705534973,1.0,1.7649308099131587e-07,128.07228422647862,128.07228422647862,123.03046874961865,124.8328125011966,126.10820312630722,127.31542968680287,173.00292968869257
32-bit,QAGS,0.003981071705534973,1.0,0.0,316.97310267849343,316.97310267849343,304.33320312539536,309.1421874970024,312.5238281249665,315.1242187513503,406.87929687521773
64-bit,Series,0.003981071705534973,1.6,0.0,16.204239908874335,16.204239908874335,15.946997070415136,16.096606445303863,16.181933593761855,16.305712890574142,16.646020507771198
64-bit,Gauss-Legendre,0.003981071705534973,1.6,6.441257391295186e-13,746.5850074393778,746.5850074393778,735.910156251407,740.7585937500016,746.4640624945673,750.0195312459823,763.6476562495886
64-bit,QAGS,0.003981071705534973,1.6,0.0,702.9435267848309,702.9435267848309,690.9445312430762,699.0999999985092,704.5335937476693,705.8789062455162,715.0015625043693
32-bit,Series,0.003981071705534973,1.6,3.435123048787505e-13,15.583349609361536,15.583349609361536,15.002465820312949,15.137744140414355,15.339892577959091,15.617822265667769,20.01330566403503
32-bit,Gauss-Legendre,0.003981071705534973,1.6,2.5659642143020972e-08,174.96268601196755,174.96268601196755,168.6101562494713,170.98535156279127,172.93945312601977,174.740039062371,215.4285156237279
32-bit,QAGS,0.003981071705534973,1.6,1.60669927445627e-16,310.71396949434154,310.71396949434154,305.2042968754165,307.5105468717254,309.85117187398714,314.4027343751077,317.31367187504134
64-bit,Series,0.003981071705534973,2.2,2.3322292635834293e-16,16.93072451631961,16.93072451631961,16.510595703067565,16.809960937447244,16.975659179685465,17.053320312543363,17.518847656106118
64-bit,Gauss-Legendre,0.003981071705534973,2.2,9.417541766349888e-13,753.5491443440329,753.5491443440329,736.19609374731,745.5085937522199,748.5812500007683,752.2257812553335,816.4039062492634
64-bit,QAGS,0.003981071705534973,2.2,0.0,715.6547247037436,715.6547247037436,687.8515625032833,703.8070312503919,705.2960937485864,714.9343750043613,882.8320312517235
32-bit,Series,0.003981071705534973,2.2,9.328917054333717e-16,15.764351981066113,15.764351981066113,15.344018554852568,15.490258788997124,15.74726562503237,15.953540039248537,16.294824218832105
32-bit,Gauss-Legendre,0.003981071705534973,2.2,1.0467016365153952e-08,194.27757626492135,194.27757626492135,185.46210937486762,191.6265624988256,193.97148437505507,194.43671874874724,216.22812499977329
32-bit,QAGS,0.003981071705534973,2.2,1.1661146317917147e-16,319.95732886935275,319.95732886935275,303.4828124981459,313.63242187509854,322.6476562510072,327.7230468761161,328.94492187551805
64-bit,Series,0.003981071705534973,2.8,4.122911860395708e-16,16.653916713132723,16.653916713132723,16.304858398541455,16.48715820312674,16.635546874921303,16.780639648494855,16.950561523287888
64-bit,Gauss-Legendre,0.003981071705534973,2.8,1.1035660746325845e-12,760.5530877979406,760.5530877979406,735.2265624973597,742.0679687513143,744.9507812467004,750.4437500003291,959.0828124999007
64-bit,QAGS,0.003981071705534973,2.8,1.374303953465236e-16,702.0527901784945,702.0527901784945,686.6328125028076,695.9078124992857,702.1859374987116,706.2828124944076,717.4281250001968
32-bit,Series,0.003981071705534973,2.8,4.122911860395708e-16,15.788945080009666,15.788945080009666,15.205078125024585,15.554638671977372,15.643237304852065,15.911279297009528,17.405102539225226
32-bit,Gauss-Legendre,0.003981071705534973,2.8,4.618973826376989e-08,170.75957031250277,170.75957031250277,166.1048828118794,169.5193359374514,171.20917968682647,172.5472656257665,173.26074218715348
32-bit,QAGS,0.003981071705534973,2.8,2.748607906930472e-16,314.38943452381335,314.38943452381335,303.0777343759894,307.6265624990526,310.2136718773352,313.74531249994675,396.7292968773961
64-bit,Series,0.003981071705534973,3.4,1.509031103790781e-16,16.596162341889606,16.596162341889606,16.21579589827782,16.33383789068077,16.65832519548438,16.83271484376192,17.093164062620403
64-bit,Gauss-Legendre,0.003981071705534973,3.4,1.2039050146042849e-12,744.4710565473705,744.4710565473705,735.0125000016305,742.2460937505093,743.4328124986678,747.6640625014852,757.7664062523581
64-bit,QAGS,0.003981071705534973,3.4,0.0,346.77336309519274,346.77336309519274,337.3761718741264,341.4117187503507,344.02968750057994,348.25429687401765,371.5656249987376
32-bit,Series,0.003981071705534973,3.4,1.509031103790781e-16,15.634650530153376,15.634650530153376,15.125170898411255,15.327905273476716,15.627221679803682,15.820507812458473,16.320385742174537
32-bit,Gauss-Legendre,0.003981071705534973,3.4,3.596662202017254e-08,172.75290178597217,172.75290178597217,167.40078124932722,168.04160156347336,170.3582031264972,172.58847656265175,223.58300781277762
32-bit,QAGS,0.003981071705534973,3.4,0.0,309.21395089307464,309.21395089307464,304.7511718747842,306.36874999956376,308.334765627194,312.8812500001743,315.0749999996094
64-bit,Series,0.003981071705534973,4.0,0.0,19.567983863446496,19.567983863446496,16.93674316416427,17.20239257818612,17.43522949215759,20.70310058588376,29.770288085817498
64-bit,Gauss-Legendre,0.003981071705534973,4.0,1.2708088041145246e-12,751.3638392871209,751.3638392871209,740.130468756206,744.354687505222,747.7523437486866,751.7945312542906,815.264062502763
64-bit,QAGS,0.003981071705534973,4.0,0.0,352.3827008928308,352.3827008928308,337.1281250004188,341.3363281232762,347.3484375007274,352.28984375024197,434.2789062512509
32-bit,Series,0.003981071705534973,4.0,0.0,15.861256045394494,15.861256045394494,15.276293945154507,15.458374023502586,15.63483886712902,15.763500976540001,21.167187500115148
32-bit,Gauss-Legendre,0.003981071705534973,4.0,9.922853370884637e-09,184.34929315482745,184.34929315482745,179.96601562586534,182.71289062532503,183.9048828120582,185.7656249999451,189.7017578134097
32-bit,QAGS,0.003981071705534973,4.0,0.0,308.38926711326945,308.38926711326945,302.04726562388373,305.7027343729146,307.86093750023724,310.6628906266451,316.7390625016253
64-bit,Series,0.003981071705534973,4.6,3.3461007928308426e-16,16.870646158866673,16.870646158866673,16.206811523478137,16.592089843614488,16.773925781254917,16.95664062495439,19.056811523476824
64-bit,Gauss-Legendre,0.003981071705534973,4.6,1.3190329325339182e-12,757.082217262112,757.082217262112,734.4125000017243,740.5695312456828,748.1843750056782,755.6851562497968,855.1601562487576
64-bit,QAGS,0.003981071705534973,4.6,1.6730503964154213e-16,703.0778273808719,703.0778273808719,684.3218749992275,693.9734375066564,704.0437500052121,710.9750000040549,722.4124999964943
32-bit,Series,0.003981071705534973,4.6,3.3461007928308426e-16,15.445684523787033,15.445684523787033,15.100439453075154,15.30793457016344,15.457324218592916,15.564257812572535,15.818872070250123
32-bit,Gauss-Legendre,0.003981071705534973,4.6,9.134818691929558e-09,183.71647135436336,183.71647135436336,179.87636718608258,182.267773437772,183.71035156228288,185.33398437448056,187.030468751459
32-bit,QAGS,0.003981071705534973,4.6,0.0,309.06119791633085,309.06119791633085,302.0003906222257,305.6140625012915,307.5496093742913,311.77382812686005,327.5746093756027
64-bit,Series,0.003981071705534973,5.2,0.0,16.92792038686188,16.92792038686188,16.174755859355017,16.321337890534693,16.426733398411386,16.790112304487792,20.747558593825488
64-bit,Gauss-Legendre,0.003981071705534973,5.2,1.3545745691202136e-12,761.8884300582419,761.8884300582419,734.6578124938219,740.2601562489508,742.6671875023771,752.393749998248,964.0132812478441
64-bit,QAGS,0.003981071705534973,5.2,0.0,345.91659226195014,345.91659226195014,337.2015625018321,342.8867187516005,346.49218750004707,349.5628906229342,353.50664062505643
32-bit,Series,0.003981071705534973,5.2,0.0,15.402010091102895,15.402010091102895,15.063720703034633,15.128735351366274,15.296069335812845,15.646411132941296,15.79121093753244
32-bit,Gauss-Legendre,0.003981071705534973,5.2,1.9752950631346813e-07,158.1037295387436,158.1037295387436,154.05000000079383,157.2175781259233,157.94921874956458,159.35546874956685,162.1242187503924
32-bit,QAGS,0.003981071705534973,5.2,7.718226034375212e-14,273.7896205355282,273.7896205355282,267.81484375248965,271.83867187474675,273.76835937431565,275.32539062491423,278.724609373171
64-bit,Series,0.003981071705534973,5.8,1.769200447644017e-16,17.025461542025376,17.025461542025376,16.208227539005193,16.522924804807104,16.734204101531702,16.942285156362757,19.951831054854097
64-bit,Gauss-Legendre,0.003981071705534973,5.8,1.3820993896995062e-12,745.7621651785947,745.7621651785947,732.4460937567778,740.4414062506248,746.0382812496391,748.4914062487746,776.5109374986423
64-bit,QAGS,0.003981071705534973,5.8,0.0,350.8245721729421,350.8245721729421,341.7730468768809,343.7046874985583,349.95156249806314,354.6210937521721,364.85781250306104
32-bit,Series,0.003981071705534973,5.8,1.769200447644017e-16,15.457090541314333,15.457090541314333,15.004516601635487,15.188281250022584,15.349780273510305,15.604418945436294,16.415014648440973
32-bit,Gauss-Legendre,0.003981071705534973,5.8,2.5379065423424327e-09,184.00178571409938,184.00178571409938,181.92832031260764,183.47207031332857,184.171679686429,184.52246093758617,186.8062499994494
32-bit,QAGS,0.003981071705534973,5.8,0.0,309.7827752978807,309.7827752978807,302.01132812379683,306.7808593755217,308.6355468759905,312.5078124988079,317.32773437553874
64-bit,Series,0.003981071705534973,6.3999999999999995,7.215017839923642e-16,16.963576543883534,16.963576543883534,16.169311523483998,16.29155273419336,16.55195312499913,16.936328125050082,22.451269531265083
64-bit,Gauss-Legendre,0.003981071705534973,6.3999999999999995,1.404403222541137e-12,755.7555803568929,755.7555803568929,734.6226562532365,741.6898437497821,746.8718750018866,765.285156255402,843.7101562464022
64-bit,QAGS,0.003981071705534973,6.3999999999999995,1.8037544599809104e-16,710.7921130953054,710.7921130953054,693.5109375021398,698.6421875012638,705.5695312558896,718.1874999986348,768.8625000028537
32-bit,Series,0.003981071705534973,6.3999999999999995,7.215017839923642e-16,15.801920572869724,15.801920572869724,15.208251953113816,15.418310546966296,15.586499023445555,15.756152343726626,20.000952148269135
32-bit,Gauss-Legendre,0.003981071705534973,6.3999999999999995,1.1431919792926634e-09,182.98669084820014,182.98669084820014,179.63906250173522,181.91347656326684,182.98749999878794,183.9939453116557,186.08085937543706
32-bit,QAGS,0.003981071705534973,6.3999999999999995,3.607508919961821e-16,310.3042224697986,310.3042224697986,301.4515624997216,304.7992187497073,309.0187499985575,313.86835937752267,335.86132812502
64-bit,Series,0.003981071705534973,7.0,1.8323849551355456e-16,16.554621233262555,16.554621233262555,16.237792968665232,16.351367187583676,16.598291015634814,16.69606933574208,16.833203124955176
64-bit,Gauss-Legendre,0.003981071705534973,7.0,1.4221139636806969e-12,745.7305431552459,745.7305431552459,733.8640625036419,744.1890625017322,745.9648437446731,748.5062500052209,759.7617187542482
64-bit,QAGS,0.003981071705534973,7.0,0.0,709.9187872021789,709.9187872021789,690.757031250655,694.5656249968124,701.2601562479404,710.5437500030121,878.6367187525457
32-bit,Series,0.003981071705534973,7.0,1.8323849551355456e-16,15.054543340767674,15.054543340767674,14.689453124994145,14.904565429629812,15.087963867177479,15.138354492183481,16.005834960974852
32-bit,Gauss-Legendre,0.003981071705534973,7.0,4.983494759531937e-08,172.6358630952755,172.6358630952755,167.07675781191256,169.25781249987892,169.91152343770466,172.24531250015218,211.19941406233522
32-bit,QAGS,0.003981071705534973,7.0,3.664769910271091e-16,308.3794642855136,308.3794642855136,302.0386718723955,305.1234374993328,307.1281249980018,310.14570312493106,323.13554687490864
64-bit,Series,0.003981071705534973,7.6,5.569484589482369e-16,17.003677222840857,17.003677222840857,16.187841796799773,16.622021484336003,16.87968749997104,17.363012695392754,18.508593750077296
64-bit,Gauss-Legendre,0.003981071705534973,7.6,1.4367413746001349e-12,749.3328125009599,749.3328125009599,735.9296875009136,742.0601562557749,743.4820312539614,747.4015624993058,851.7500000024825
64-bit,QAGS,0.003981071705534973,7.6,0.0,703.3341517847751,703.3341517847751,685.9367187459497,697.9507812516772,701.0437499985755,709.7874999999476,718.3890624986589
32-bit,Series,0.003981071705534973,7.6,5.569484589482369e-16,15.891741071400691,15.891741071400691,15.11455078118118,15.262792968595562,15.383886718733919,15.547778320357253,19.772094726588918
32-bit,Gauss-Legendre,0.003981071705534973,7.6,4.7988859490547384e-08,175.20973772337337,175.20973772337337,167.60722656350424,170.03398437509532,171.6800781252914,175.8132812490487,211.56386718779174
32-bit,QAGS,0.003981071705534973,7.6,0.0,315.1697730657028,315.1697730657028,303.2125000004271,306.48437499891656,311.0859375006214,314.9859375000119,399.21835937661854
64-bit,Series,0.003981071705534973,8.2,9.385382516935674e-16,16.641908482141144,16.641908482141144,16.15778808594648,16.41013183584228,16.60844726569799,16.808398437540006,17.720605468785067
64-bit,Gauss-Legendre,0.003981071705534973,8.2,1.449103060614868e-12,748.2803199408072,748.2803199408072,733.5726562445188,741.6664062489531,746.0835937536103,751.049999998088,787.7789062504803
64-bit,QAGS,0.003981071705534973,8.2,0.0,701.7845238097141,701.7845238097141,686.4375000006362,697.619531251803,700.8812499975647,708.4882812478099,715.0429687499127
32-bit,Series,0.003981071705534973,8.2,9.385382516935674e-16,15.6263346353975,15.6263346353975,15.076269531233422,15.258422851438525,15.529223632793077,15.753637695237188,16.64443359361556
32-bit,Gauss-Legendre,0.003981071705534973,8.2,4.337886370422191e-08,172.4787016364867,172.4787016364867,166.37089843740682,168.96562500079426,170.20976562420742,171.6990234363891,216.37578124966694
32-bit,QAGS,0.003981071705534973,8.2,1.8770765033871348e-16,309.5809337805817,309.5809337805817,303.2152343749317,305.76953125205364,310.28828124846086,311.63359374986044,320.096875000786
64-bit,Series,0.003981071705534973,8.8,1.8948515641373916e-16,16.908370535758824,16.908370535758824,16.312792968875556,16.43728027334035,16.651342773510436,16.75373535148239,21.451782226566962
64-bit,Gauss-Legendre,0.003981071705534973,8.8,1.4599831301678603e-12,743.2901041671665,743.2901041671665,730.3140625012361,741.3195312508947,742.6320312475809,746.5289062480451,750.6101562455569
64-bit,QAGS,0.003981071705534973,8.8,1.8948515641373916e-16,709.7794642847009,709.7794642847009,685.1781250034605,690.474999998969,697.1406250002588,712.2992187476029,841.1117187492323
32-bit,Series,0.003981071705534973,8.8,1.8948515641373916e-16,15.462939453124235,15.462939453124235,15.062353515782334,15.392114257828382,15.471093749885867,15.640649414061514,15.730664062463262
32-bit,Gauss-Legendre,0.003981071705534973,8.8,3.6826434464455516e-08,170.38340773797447,170.38340773797447,167.30527343788992,168.77285156269295,170.04316406321607,171.74941406317146,178.84589843752963
32-bit,QAGS,0.003981071705534973,8.8,1.8948515641373916e-16,309.8844122027412,309.8844122027412,304.9894531237385,308.317968752192,310.16757812452056,311.83867187678516,312.9874999991955
64-bit,Series,0.003981071705534973,9.4,5.731072421224672e-16,16.438574218767346,16.438574218767346,16.224340820159,16.30878906255795,16.415161132821154,16.507373046925622,16.730078125082315
64-bit,Gauss-Legendre,0.003981071705534973,9.4,1.4690648973072575e-12,749.9938244053048,749.9938244053048,733.7242187546167,738.2367187531713,743.2749999978228,745.9359374948349,912.3164062501132
64-bit,QAGS,0.003981071705534973,9.4,0.0,676.5430803573244,676.5430803573244,652.4656250022076,660.619531245743,666.712499999278,673.6664062501063,863.2015625025247
32-bit,Series,0.003981071705534973,9.4,5.731072421224672e-16,15.5802373976774,15.5802373976774,15.139892578064362,15.334912109477017,15.57253417971971,15.690966796766403,16.187377929854918
32-bit,Gauss-Legendre,0.003981071705534973,9.4,1.093851318439632e-08,183.22812499993984,183.22812499993984,180.3626953122972,181.27832031389346,183.0458984386496,183.81523437405178,191.7806640623354
32-bit,QAGS,0.003981071705534973,9.4,0.0,310.0831473217692,310.0831473217692,301.8445312505946,307.4437499996918,309.0999999990629,312.7082031255668,321.20859374984434
64-bit,Series,0.003981071705534973,10.0,0.0,16.313730003716806,16.313730003716806,15.706469726595174,15.933276367174898,16.03083496104496,16.22329101569342,20.53605957019755
64-bit,Gauss-Legendre,0.003981071705534973,10.0,1.4766720555438854e-12,754.918340773326,754.918340773326,730.3749999962861,740.9984375001955,743.2624999950121,769.0484374975881,805.7054687498066
64-bit,QAGS,0.003981071705534973,10.0,1.9240026782330755e-16,739.6553943459188,739.6553943459188,724.2484374998526,732.5742187518358,738.9320312469749,744.5609374983064,785.4671875051622
32-bit,Series,0.003981071705534973,10.0,0.0,14.38997395831172,14.38997395831172,14.030297851519435,14.27529296860186,14.384106445275435,14.517749023390536,14.841943359433785
32-bit,Gauss-Legendre,0.003981071705534973,10.0,1.1167951660312623e-08,182.82928757471615,182.82928757471615,179.2869140615494,181.07128906130754,183.05917968852725,184.54785156230002,186.110546875895
32-bit,QAGS,0.003981071705534973,10.0,3.848005356466151e-16,307.5727864585008,307.5727864585008,302.9249999997319,305.1394531254914,306.5988281250043,310.12382812178885,314.13632812515857
64-bit,Series,0.01,1.0,2.3632403457880243e-13,18.046402994768908,18.046402994768908,17.464648437437447,17.679003906367896,17.90136718748947,17.990283202928836,20.615551757696693
64-bit,Gauss-Legendre,0.01,1.0,8.094069684078615e-15,560.2309151799188,560.2309151799188,543.1007812504163,546.5078125013179,554.9773437536487,559.1601562500159,598.8273437509406
64-bit,QAGS,0.01,1.0,0.0,307.0285714286348,307.0285714286348,301.1738281237797,304.6621093751867,305.81914062466353,310.3734375002887,314.6851562512154
32-bit,Series,0.01,1.0,8.332970140838548e-11,16.064877464686383,16.064877464686383,15.793457031287872,15.958349609546119,16.065551757815655,16.160327148462272,16.300903320498605
32-bit,Gauss-Legendre,0.01,1.0,6.5764213582255435e-09,95.62283296124652,95.62283296124652,92.41064453124892,93.75400390609911,94.85224609395715,95.8352539059959,114.70087890685932
32-bit,QAGS,0.01,1.0,0.0,270.8023251490623,270.8023251490623,267.1800781257616,268.5687499983658,270.20351562612177,272.945703127192,276.8152343755048
64-bit,Series,0.01,1.6,0.0,16.289915829623794,16.289915829623794,15.728564453088012,15.928393554798248,16.100537109320356,16.44345703133432,17.93354492174437
64-bit,Gauss-Legendre,0.01,1.6,9.042046469686097e-14,743.8775297606255,743.8775297606255,729.2343750009422,737.449999988371,742.1093749968577,747.4156249998032,784.5546874989395
64-bit,QAGS,0.01,1.6,0.0,308.6865885416994,308.6865885416994,301.714062501901,305.5624999994677,307.90468749941624,310.38945312289457,321.35351562345704
32-bit,Series,0.01,1.6,1.0414719135106769e-12,15.763364955345692,15.763364955345692,14.937890624899808,15.30141601557844,15.435473632807728,16.04714355463166,19.57854003920012
32-bit,Gauss-Legendre,0.01,1.6,6.602143105160246e-09,107.6065662201774,107.6065662201774,105.08164062450476,106.26660156276557,108.11074218786132,108.7341796868202,109.75800781309886
32-bit,QAGS,0.01,1.6,0.0,273.52278645832405,273.52278645832405,268.8238281223221,271.2027343747536,273.3945312485275,275.89296874808156,279.75312499961547
64-bit,Series,0.01,2.2,4.436733475784734e-16,16.614346168154437,16.614346168154437,16.351074218823314,16.4580322263852,16.623339843757634,16.678417968929438,17.149902343582824
64-bit,Gauss-Legendre,0.01,2.2,1.551377805366062e-13,748.6102678569073,748.6102678569073,728.8234375053548,738.7460937451351,742.5117187551677,746.1882812478393,805.5976562459932
64-bit,QAGS,0.01,2.2,1.4789111585949112e-16,307.9543154764034,307.9543154764034,301.2488281264325,303.97773437584874,306.36523437621577,309.2019531258927,327.02500000070245
32-bit,Series,0.01,2.2,6.2114268660986275e-15,15.88454008556133,15.88454008556133,15.151049804762451,15.375585937560388,15.465087890742524,15.625341796665637,22.857006835907967
32-bit,Gauss-Legendre,0.01,2.2,1.3121484560526161e-08,108.76720610101624,108.76720610101624,106.21250000042437,107.96972656201831,108.7462890616564,109.78574218611925,110.5478515626146
32-bit,QAGS,0.01,2.2,1.2274962616337764e-14,236.89644717333772,236.89644717333772,233.07148437723413,234.94023437820033,235.68242187366195,240.54531250072841,242.2074218735304
64-bit,Series,0.01,2.8,0.0,16.79400460379605,16.79400460379605,16.18615722653871,16.457861327978662,16.630883789003903,16.85319824229481,18.662304687611098
64-bit,Gauss-Legendre,0.01,2.8,1.9430778968583324e-13,751.7542782744207,751.7542782744207,733.5796874983203,742.3414062515121,744.6187500050883,749.0929687463677,813.54999999661
64-bit,QAGS,0.01,2.8,1.7426707595141995e-16,316.1916852679694,316.1916852679694,304.9906250005563,308.5644531246601,311.90898437571946,319.9976562520135,371.7554687483471
32-bit,Series,0.01,2.8,0.0,15.497530691960513,15.497530691960513,15.254687500076969,15.362866210733017,15.501245117066631,15.607128906358625,15.849584960925256
32-bit,Gauss-Legendre,0.01,2.8,3.793225435726507e-09,107.88939732153142,107.88939732153142,105.35214843621077,106.78378906270325,107.46132812577969,108.7259765633064,112.85957031326177
32-bit,QAGS,0.01,2.8,5.402279354494018e-15,235.56828497038936,235.56828497038936,231.46132812357223,233.74687500066216,235.33007812304163,237.03476562531023,241.42656249992456
64-bit,Series,0.01,3.4,5.740358473243408e-16,16.674571010051007,16.674571010051007,16.24836425762055,16.500390624951677,16.72973632826924,16.851245117077696,17.308203124954957
64-bit,Gauss-Legendre,0.01,3.4,2.2023842009010542e-13,751.5783482148208,751.5783482148208,731.8835937439871,739.1492187522886,740.7757812458726,748.8195312532753,833.9453125003615
64-bit,QAGS,0.01,3.4,1.9134528244144693e-16,281.3880580361462,281.3880580361462,268.27890624758766,272.4874999984195,276.4011718774384,283.9675781238782,365.8691406265291
32-bit,Series,0.01,3.4,5.740358473243408e-16,15.538974144355254,15.538974144355254,15.19562988283596,15.353540038898217,15.625634765648044,15.658227539017133,15.936669921945423
32-bit,Gauss-Legendre,0.01,3.4,5.930460011348985e-09,107.24913504464187,107.24913504464187,105.27714843711067,106.70351562502844,107.17695312578712,107.60742187443384,110.21503906327723
32-bit,QAGS,0.01,3.4,1.9134528244144693e-16,272.4105468753499,272.4105468753499,268.08125000243876,270.7515624997825,272.3910156241516,274.4812500026228,276.3660156226422
64-bit,Series,0.01,4.0,0.0,17.553083147331133,17.553083147331133,17.084814453172115,17.332788086132922,17.54582519519765,17.70400390621596,18.324536132929836
64-bit,Gauss-Legendre,0.01,4.0,2.382693107543011e-13,768.5659970237323,768.5659970237323,737.8984374994957,745.0679687508455,750.6226562483675,779.4468750006445,941.2164062467809
64-bit,QAGS,0.01,4.0,0.0,665.1027901789403,665.1027901789403,652.1562499983702,657.4781249994999,662.8515625024534,667.7828124992402,697.9351562463876
32-bit,Series,0.01,4.0,0.0,15.662722051715656,15.662722051715656,15.417138671924846,15.566650390486103,15.681396484223953,15.753979492272308,15.885888671851589
32-bit,Gauss-Legendre,0.01,4.0,6.771144185265358e-10,119.53882068433636,119.53882068433636,117.23847656242015,118.77187499997888,119.2369140614602,120.66523437503918,121.52890625038992
32-bit,QAGS,0.01,4.0,0.0,279.46914062531346,279.46914062531346,267.4031250009534,272.5714843734295,276.3339843738777,287.7722656258186,294.47304687479914
64-bit,Series,0.01,4.6,2.121390220515818e-16,16.54365350630312,16.54365350630312,16.142407226471533,16.322363281418006,16.47751464850522,16.657080078141817,17.318334960991777
64-bit,Gauss-Legendre,0.01,4.6,2.51596880153176e-13,769.133705357747,769.133705357747,733.3382812504396,741.6320312501057,744.0890625005636,772.5164062435397,930.7781250029734
64-bit,QAGS,0.01,4.6,0.0,662.5133556544446,662.5133556544446,651.5515624982982,659.5890625007428,662.2570312444509,666.4632812487525,671.4546875059568
32-bit,Series,0.01,4.6,2.121390220515818e-16,15.546419270838829,15.546419270838829,15.170776367368077,15.429711913927946,15.534521484505959,15.66574707045909,16.00349121089195
32-bit,Gauss-Legendre,0.01,4.6,9.642548015820614e-10,119.47352120549633,119.47352120549633,117.55917968692131,118.19746093699735,119.69648437570868,120.59023437593908,121.63417968658052
32-bit,QAGS,0.01,4.6,0.0,272.9952008929935,272.9952008929935,267.3289062506967,270.9750000029487,273.1316406254791,275.70195312520696,278.338281248125
64-bit,Series,0.01,5.2,0.0,16.956208147313387,16.956208147313387,16.175073242141735,16.44787597654407,16.63269042961879,16.766040039195573,22.734350585862373
64-bit,Gauss-Legendre,0.01,5.2,2.6228688206713934e-13,747.3190104150262,747.3190104150262,731.8632812456372,739.3140624998296,741.8507812531061,748.008593745908,799.9437499961459
64-bit,QAGS,0.01,5.2,0.0,308.7418712800019,308.7418712800019,303.0499999994163,305.83007812623464,308.02968749910065,311.75195312727055,321.04062499982433
32-bit,Series,0.01,5.2,0.0,15.476234654064418,15.476234654064418,15.203759765602953,15.322827148445128,15.407397460975858,15.6121337890891,16.036010742181972
32-bit,Gauss-Legendre,0.01,5.2,4.533283728865072e-07,85.61503906246938,85.61503906246938,82.61083984351103,84.78242187504037,85.0116210937557,85.92890625003236,94.92324218740578
32-bit,QAGS,0.01,5.2,8.757491888719177e-16,242.19419642824116,242.19419642824116,234.23593749782867,235.10781250024593,238.5406249985067,240.06718749802758,324.3773437482389
64-bit,Series,0.01,5.8,2.2432910362135414e-16,16.82898181733426,16.82898181733426,16.403076171789266,16.514135742218272,16.64165039061416,17.26735839846505,17.82985839837714
64-bit,Gauss-Legendre,0.01,5.8,2.704287344155424e-13,749.8753720237719,749.8753720237719,731.800000004057,739.6781250008644,743.6718750000182,747.2937499954924,805.0460937525372
64-bit,QAGS,0.01,5.8,2.2432910362135414e-16,379.35877976143695,379.35877976143695,373.13945312433816,377.5789062494539,379.7999999974877,381.743749997554,384.62578124764946
32-bit,Series,0.01,5.8,2.2432910362135414e-16,15.422750418526643,15.422750418526643,15.066845703071152,15.31809082044866,15.397045898479789,15.52570800789077,15.749951171928345
32-bit,Gauss-Legendre,0.01,5.8,3.6587169165089606e-08,97.25443173365312,97.25443173365312,94.5567382810708,95.86718750043133,96.47412109359266,97.34316406273535,114.28808593727524
32-bit,QAGS,0.01,5.8,1.0094809662960935e-15,237.17739955317475,237.17739955317475,232.19257812456817,235.20781249786182,238.3578124991459,239.25117187317824,242.0332031256578
64-bit,Series,0.01,6.3999999999999995,6.861299529304385e-16,16.854080636135343,16.854080636135343,16.271728515704353,16.649682617053685,16.796899414028843,16.904760742342262,17.960107421721716
64-bit,Gauss-Legendre,0.01,6.3999999999999995,2.773108559760522e-13,741.2738095247223,741.2738095247223,731.7859374893487,737.3703125068687,741.1718750063301,745.1062499939098,753.3187500001759
64-bit,QAGS,0.01,6.3999999999999995,1.1435499215507307e-16,665.790736607145,665.790736607145,650.9562499985577,660.6000000033418,665.4953124964891,673.6789062529169,677.9335937494579
32-bit,Series,0.01,6.3999999999999995,6.861299529304385e-16,15.810001627594586,15.810001627594586,15.098583984407554,15.349462890723586,15.512036132925289,15.653906249912808,21.232299804774257
32-bit,Gauss-Legendre,0.01,6.3999999999999995,1.5365287937017807e-09,117.82090773821658,117.82090773821658,111.56367187581395,114.01074218753138,116.89414062487913,121.50312499947802,127.54941406356579
32-bit,QAGS,0.01,6.3999999999999995,0.0,247.58271949446947,247.58271949446947,234.7929687473993,241.47617187608716,249.29687500119257,252.0988281240477,262.01523437663354
64-bit,Series,0.01,7.0,1.1616993955469774e-16,17.011051432263848,17.011051432263848,16.58212890620625,16.75197753914226,16.93500976562845,17.148828125090887,17.904589843631413
64-bit,Gauss-Legendre,0.01,7.0,2.829899727552437e-13,748.2854538685452,748.2854538685452,727.8796874956583,735.6015625035184,741.5968749953095,747.357031244178,801.885156249682
64-bit,QAGS,0.01,7.0,0.0,675.1925595237042,675.1925595237042,656.5749999936088,661.1250000005953,671.4484375009988,676.2578125005803,765.4523437494731
32-bit,Series,0.01,7.0,1.1616993955469774e-16,15.112922014482944,15.112922014482944,14.830224609241327,14.957470703125253,15.052221679745514,15.194287109387972,15.993359374855132
32-bit,Gauss-Legendre,0.01,7.0,2.3328940572733973e-09,108.16767113111393,108.16767113111393,105.9583984375223,107.51425781307944,108.14257812619132,108.7021484380557,111.24414062457788
32-bit,QAGS,0.01,7.0,1.1616993955469774e-16,238.04166666692376,238.04166666692376,232.84609375195942,235.02734375213663,237.34843749778634,238.99218750145224,252.69609374944935
64-bit,Series,0.01,7.6,8.23888262812561e-16,16.673787434888574,16.673787434888574,16.132641601718234,16.541479492149236,16.66950683598678,16.707495117174176,17.69155273434464
64-bit,Gauss-Legendre,0.01,7.6,2.8777240036810165e-13,749.5500744038201,749.5500744038201,734.4523437495809,738.8664062517591,741.5273437487713,747.8617187501868,800.6812499985472
64-bit,QAGS,0.01,7.6,0.0,672.4768229164266,672.4768229164266,653.3242187458654,660.057812503112,665.5500000007919,670.7000000005792,818.2843750006441
32-bit,Series,0.01,7.6,8.23888262812561e-16,15.359937685998137,15.359937685998137,15.060375976538865,15.215039062432822,15.380712890644688,15.474804687443111,15.664013671923271
32-bit,Gauss-Legendre,0.01,7.6,5.7200994345410295e-09,108.63041294618097,108.63041294618097,105.32871093715812,107.31894531268438,108.16152343906538,109.41738281111668,117.92636718688243
32-bit,QAGS,0.01,7.6,4.707932930357492e-16,239.98056175568104,239.98056175568104,231.73398437492665,237.70507812415076,238.8316406225499,241.18203124956494,257.0679687501354
64-bit,Series,0.01,8.2,3.5700913687353446e-16,16.804205031621205,16.804205031621205,16.102539062368137,16.496435546908828,16.66196289074051,16.782006835747154,18.239575195311275
64-bit,Gauss-Legendre,0.01,8.2,2.917954678713022e-13,759.5520089289547,759.5520089289547,729.7265625041405,742.7093749967639,744.8031250021359,754.4570312489896,924.5460937492567
64-bit,QAGS,0.01,8.2,2.3800609124902296e-16,636.7975446430646,636.7975446430646,626.5718749958182,628.6562499937531,634.0445312531529,638.2453125013399,688.6593750010661
32-bit,Series,0.01,8.2,3.5700913687353446e-16,15.489460100453254,15.489460100453254,15.114941406269011,15.334619140716654,15.491723632798937,15.656323242074777,15.828344726687149
32-bit,Gauss-Legendre,0.01,8.2,6.111706055843586e-10,118.97828311013824,118.97828311013824,116.27949218784295,118.44199218735696,118.94296875070154,120.02949218725689,121.02832031146704
32-bit,QAGS,0.01,8.2,1.1900304562451148e-16,237.26521577384034,237.26521577384034,233.18124999960332,235.18359374818942,237.40742187783326,238.94570312776864,241.94570312374708
64-bit,Series,0.01,8.8,7.207791266076474e-16,16.57304803757777,16.57304803757777,16.15568847657123,16.33212890639335,16.509619140681053,16.761083984295766,17.49479980461821
64-bit,Gauss-Legendre,0.01,8.8,2.951590523458316e-13,761.6280505943894,761.6280505943894,734.1289062523515,739.8679687469212,743.3968749950282,754.9632812526852,975.8765624994226
64-bit,QAGS,0.01,8.8,0.0,663.8256696428848,663.8256696428848,650.3539062521213,658.3015624954669,663.082812501159,668.2625000067333,675.0570312519244
32-bit,Series,0.01,8.8,7.207791266076474e-16,15.528443545369848,15.528443545369848,15.185253906313534,15.411303710965996,15.507128906300238,15.628247070242907,15.967773437486343
32-bit,Gauss-Legendre,0.01,8.8,7.761228304158168e-10,120.27918526777555,120.27918526777555,117.43496093785666,118.81562499915788,119.70761718593792,121.21074218818251,126.7607421890915
32-bit,QAGS,0.01,8.8,2.402597088692158e-16,237.01951264869305,237.01951264869305,231.62109375007844,235.42812499854904,237.62890624823285,238.580468749916,242.58515625064092
64-bit,Series,0.01,9.4,1.2111281752950855e-16,16.87241210938476,16.87241210938476,16.183276366987798,16.400854492282235,16.507519531305803,16.73974609373019,19.413452148286936
64-bit,Gauss-Legendre,0.01,9.4,2.98421982392709e-13,752.0140252973799,752.0140252973799,731.4179687512024,737.9570312480155,743.878125000208,753.3835937536537,830.1429687520567
64-bit,QAGS,0.01,9.4,0.0,489.53318452320326,489.53318452320326,475.76484374900474,483.98437499486135,487.57187499859356,494.2515625003807,524.6374999998693
32-bit,Series,0.01,9.4,1.2111281752950855e-16,15.382822963131796,15.382822963131796,15.036791992217857,15.238354492241868,15.341015624947829,15.49924316401885,15.774584960936977
32-bit,Gauss-Legendre,0.01,9.4,8.761135295524632e-10,121.64922805023625,121.64922805023625,117.04160156256194,118.246093748553,118.92558593729063,119.55039062350181,168.8113281250736
32-bit,QAGS,0.01,9.4,2.422256350590171e-16,237.62559523835387,237.62559523835387,232.5476562496931,234.7140625005295,238.61796875124242,240.02773437459268,242.1035156281448
64-bit,Series,0.01,10.0,6.098891333442777e-16,16.67255975631602,16.67255975631602,15.791870117354279,16.09558105486464,16.26520996089731,16.43833007825002,21.1214843750529
64-bit,Gauss-Legendre,0.01,10.0,3.009192983920666e-13,756.1508184523512,756.1508184523512,737.7000000019507,739.418750001164,744.0781249954398,755.7156250044272,907.8867187497508
64-bit,QAGS,0.01,10.0,0.0,487.2489955362524,487.2489955362524,475.1968750014157,482.1187499999269,487.64999999661995,492.57734375629525,502.67656249758375
32-bit,Series,0.01,10.0,6.098891333442777e-16,14.428385416696106,14.428385416696106,14.162402343753655,14.281494140622186,14.435058593775807,14.556372070151369,14.65427246105655
32-bit,Gauss-Legendre,0.01,10.0,9.188834858396493e-10,120.67689732137275,120.67689732137275,117.87285156295013,119.87304687366418,121.17265625022355,121.47500000025957,121.98984375011435
32-bit,QAGS,0.01,10.0,2.439556533377111e-16,236.26142113100525,236.26142113100525,232.55390624754568,234.47187499670008,236.3246093750604,237.88437500016357,241.20468749799784
64-bit,Series,0.025118864315095822,1.0,2.9931203268285286e-14,18.454574730269744,18.454574730269744,17.77097167954267,17.93630371094146,18.219482421866218,18.330224609508505,24.15085449225529
64-bit,Gauss-Legendre,0.025118864315095822,1.0,1.8281333732725142e-14,556.6993675595693,556.6993675595693,543.3687500016049,551.1320312550083,555.9093750022726,558.7656250014561,584.3859375005422
64-bit,QAGS,0.025118864315095822,1.0,0.0,275.4871093752207,275.4871093752207,266.21171874907645,270.4742187482623,272.9738281246341,278.0652343759016,295.6855468738695
32-bit,Series,0.025118864315095822,1.0,1.0357630160923392e-10,16.284301757792043,16.284301757792043,15.96430664063675,16.195166015808837,16.294409179717917,16.435742187459468,16.52470703117359
32-bit,Gauss-Legendre,0.025118864315095822,1.0,6.430159828453387e-10,66.25062313981273,66.25062313981273,65.09453125058684,65.6717773441784,65.96015624982243,66.87197265708988,67.59707031189777
32-bit,QAGS,0.025118864315095822,1.0,0.0,202.66990327383064,202.66990327383064,197.80664062452047,201.29218750142286,203.08398437407504,204.44453124923712,206.77226562426654
64-bit,Series,0.025118864315095822,1.6,1.3130626973213115e-16,16.280475725465102,16.280475725465102,15.60817871104625,15.929663085945123,16.022412109517603,16.16530761716639,21.471508788950544
64-bit,Gauss-Legendre,0.025118864315095822,1.6,2.9018685610800985e-14,744.758258928782,744.758258928782,734.8093749968143,740.5492187473328,744.9445312559533,748.9101562541123,755.868749998001
64-bit,QAGS,0.025118864315095822,1.6,2.626125394642623e-16,240.77191220243998,240.77191220243998,233.39882812578594,235.53085937422225,238.96015625268774,241.10468750038194,258.9324218753575
32-bit,Series,0.025118864315095822,1.6,3.1833892033857877e-12,15.374491955026196,15.374491955026196,14.915185546859888,15.168920898478433,15.278784179839633,15.57099609383883,16.12995605482226
32-bit,Gauss-Legendre,0.025118864315095822,1.6,3.1958068373143555e-10,73.70443173361166,73.70443173361166,72.71416015619536,73.09550781275931,73.72666015648122,74.23632812475489,75.12656249986094
32-bit,QAGS,0.025118864315095822,1.6,5.252250789285246e-16,205.1360677084869,205.1360677084869,197.25820312288533,199.06796875091004,200.2718749984922,204.0265624998483,276.2941406260211
64-bit,Series,0.025118864315095822,2.2,0.0,16.64370349703977,16.64370349703977,16.268750000048016,16.483862304683683,16.680126953216856,16.758911132841448,17.03730468749498
64-bit,Gauss-Legendre,0.025118864315095822,2.2,2.6665853458266078e-14,742.2820312494121,742.2820312494121,734.3367187502281,739.1828125022926,742.1031249990051,744.5624999959932,760.9242187456289
64-bit,QAGS,0.025118864315095822,2.2,1.877877004103245e-16,236.28007812551536,236.28007812551536,231.55078125114414,232.9847656241668,235.86640624984057,238.2828125000458,246.28945312699102
32-bit,Series,0.025118864315095822,2.2,6.027985183171417e-14,15.645521763389748,15.645521763389748,15.169921875113346,15.338330078051854,15.480908203135968,15.83640136715303,16.639672851592735
32-bit,Gauss-Legendre,0.025118864315095822,2.2,1.0470538903842595e-09,74.0122116814253,74.0122116814253,72.08203124964285,73.1084960934325,73.59882812529861,74.4229492184445,77.62255859322664
32-bit,QAGS,0.025118864315095822,2.2,1.877877004103245e-16,214.05172991098962,214.05172991098962,198.4253906250899,204.57031249776492,211.07578125167947,213.5117187478386,308.8906249999468
64-bit,Series,0.025118864315095822,2.8,0.0,16.669757951993077,16.669757951993077,16.328491210915175,16.489794921747958,16.741967773459265,16.799365234243524,17.04018554682385
64-bit,Gauss-Legendre,0.025118864315095822,2.8,2.321462981906026e-14,743.629203868628,743.629203868628,733.268749996796,738.6374999995837,741.8265624963283,745.3828124965867,777.884374997484
64-bit,QAGS,0.025118864315095822,2.8,0.0,237.85740327431614,237.85740327431614,233.63632812589685,235.47656249789384,236.2828125015426,239.68867187562637,256.36953125030004
32-bit,Series,0.025118864315095822,2.8,1.1054585628123933e-15,15.72020321800805,15.72020321800805,15.262084960943056,15.47067871077168,15.586572265524623,15.749414062460332,16.6926757811936
32-bit,Gauss-Legendre,0.025118864315095822,2.8,6.23788821098915e-10,74.44414992566603,74.44414992566603,72.047363281591,72.97050781218672,73.37656249983837,74.02949218704435,92.66376953132038
32-bit,QAGS,0.025118864315095822,2.8,0.0,201.86173735090682,201.86173735090682,197.41757812496985,198.86367187282872,201.00546874957104,202.57734374951042,213.3652343765391
64-bit,Series,0.025118864315095822,3.4,0.0,16.7817812964985,16.7817812964985,16.3253662111007,16.682250976618462,16.82453613272017,16.875048828079997,17.185327148450114
64-bit,Gauss-Legendre,0.025118864315095822,3.4,1.9902521656672938e-14,746.3361235118156,746.3361235118156,732.5851562498542,737.6273437529335,743.727343746059,748.8828124948554,787.5078124968127
64-bit,QAGS,0.025118864315095822,3.4,1.2135683936995693e-16,594.5596354169967,594.5596354169967,581.2945312513307,588.188281248847,596.9664062490665,599.2164062504912,604.2335937479493
32-bit,Series,0.025118864315095822,3.4,0.0,15.923652576278423,15.923652576278423,15.250708007785718,15.544409179835128,15.708569335748379,16.43415527330383,17.110839843681447
32-bit,Gauss-Legendre,0.025118864315095822,3.4,1.620380790635539e-10,75.22752976184067,75.22752976184067,72.32470703133487,73.71298828129369,74.42841796834188,75.27089843772927,88.26240234327543
32-bit,QAGS,0.025118864315095822,3.4,1.2135683936995693e-16,203.22261904784764,203.22261904784764,198.72734375070422,201.7617187526355,203.51171874821716,204.92148437512014,209.8777343775282
64-bit,Series,0.025118864315095822,4.0,0.0,17.768762788356305,17.768762788356305,17.419702148524507,17.55410156256687,17.707446289039197,17.990624999963956,18.66345214862619
64-bit,Gauss-Legendre,0.025118864315095822,4.0,1.7405557261456433e-14,744.1038690465635,744.1038690465635,730.6109374951575,736.8148437478794,741.9359374978285,747.2515625011056,783.3609375040851
64-bit,QAGS,0.025118864315095822,4.0,1.2893005378856617e-16,594.476376488187,594.476376488187,582.4945312440377,589.5093750041269,595.7273437502408,600.3101562512825,603.4710937541377
32-bit,Series,0.025118864315095822,4.0,0.0,16.2487804594766,16.2487804594766,15.768896484358308,15.909814453207716,15.9519531250929,16.086010742100143,20.02380371091128
32-bit,Gauss-Legendre,0.025118864315095822,4.0,6.068901372996121e-10,73.75069289435507,73.75069289435507,72.28916015566966,73.01074218712955,73.9108398439825,74.3563476568454,75.18916015669674
32-bit,QAGS,0.025118864315095822,4.0,2.5786010757713235e-16,202.87347470249716,202.87347470249716,196.98476562268752,201.16640625289506,202.5007812491708,203.24843750074706,211.31484374947718
64-bit,Series,0.025118864315095822,4.6,2.690583730006228e-16,16.50927036828385,16.50927036828385,16.13391113286511,16.35722656234684,16.50395507812874,16.665625000023,16.915576171783187
64-bit,Gauss-Legendre,0.025118864315095822,4.6,1.5201798074535187e-14,740.8346354167641,740.8346354167641,730.4414062545561,736.622656248187,740.2601562560562,745.7578125027453,751.5359374963282
64-bit,QAGS,0.025118864315095822,4.6,0.0,605.5879836309041,605.5879836309041,585.6148437501929,589.3523437521253,597.7898437450335,601.0742187498863,775.1562500004638
32-bit,Series,0.025118864315095822,4.6,2.690583730006228e-16,15.700101143981524,15.700101143981524,15.364257812677806,15.490820312491493,15.591357422017893,15.761059570351676,17.11464843756616
32-bit,Gauss-Legendre,0.025118864315095822,4.6,6.763503281810295e-10,73.46484374987347,73.46484374987347,72.24433593755464,72.89775390617592,73.2820312503435,73.71484374996129,75.96298828094206
32-bit,QAGS,0.025118864315095822,4.6,2.690583730006228e-16,204.30563615986017,204.30563615986017,199.24765624779184,201.65781250014447,202.67382812377832,205.02812499856304,214.89453125056457
64-bit,Series,0.025118864315095822,5.2,5.553472434988234e-16,16.941116768965344,16.941116768965344,16.22058105477109,16.43715820320857,16.550244140489667,16.912451171968712,22.72404785164106
64-bit,Gauss-Legendre,0.025118864315095822,5.2,1.3883681087470584e-14,739.7909970240419,739.7909970240419,727.4945312474301,734.5101562563627,739.0124999986369,742.4898437449201,755.4140625032346
64-bit,QAGS,0.025118864315095822,5.2,0.0,240.84109002992756,240.84109002992756,232.754687502279,235.65781249956785,236.5636718764108,239.50859375077016,313.4273437481738
32-bit,Series,0.025118864315095822,5.2,5.553472434988234e-16,15.62077869230566,15.62077869230566,15.166699218749358,15.330859375106698,15.43864746089696,15.895385742092927,16.462060546729163
32-bit,Gauss-Legendre,0.025118864315095822,5.2,5.154691463112815e-10,74.01722005211703,74.01722005211703,72.82265625008222,73.15253906270414,73.89980468808233,74.69707031226847,76.43896484399448
32-bit,QAGS,0.025118864315095822,5.2,1.3883681087470584e-16,202.24741443457327,202.24741443457327,197.96679687544838,199.61640624899246,201.53593749938636,204.2433593736348,208.42968750045543
64-bit,Series,0.025118864315095822,5.8,7.112674290814688e-16,16.504793294260168,16.504793294260168,16.19230957028428,16.386059570328015,16.539990234321067,16.622241210795252,16.791552734485293
64-bit,Gauss-Legendre,0.025118864315095822,5.8,1.2518306751833851e-14,746.6096354170033,746.6096354170033,731.9023437517558,736.1234374982928,741.8593750045943,745.1429687534983,837.7296875039519
64-bit,QAGS,0.025118864315095822,5.8,0.0,595.7093377981253,595.7093377981253,582.9398437526834,589.1843749949999,598.0359375001854,602.06484374703,607.7187500039827
32-bit,Series,0.025118864315095822,5.8,7.112674290814688e-16,15.554890950514055,15.554890950514055,14.988256835879454,15.287451171852595,15.460424804603079,15.625341796887682,16.761743164117604
32-bit,Gauss-Legendre,0.025118864315095822,5.8,2.597286904591622e-10,73.27435360862535,73.27435360862535,71.74335937509824,72.4120117183702,73.17988281307919,73.55205078152238,79.51816406226442
32-bit,QAGS,0.025118864315095822,5.8,2.845069716325875e-16,204.4086309524912,204.4086309524912,197.49687499981405,202.26328125261261,203.82695312193277,204.95468750070245,215.03164062508517
64-bit,Series,0.025118864315095822,6.3999999999999995,1.4502968596297401e-16,16.71343819755121,16.71343819755121,16.3486572264393,16.562841796963212,16.70056152347499,16.797534179824325,17.54677734377985
64-bit,Gauss-Legendre,0.025118864315095822,6.3999999999999995,1.1312315505111974e-14,751.5139880953013,751.5139880953013,734.9156250029409,739.4218749965376,740.5367187516276,743.777343750196,953.8226562497698
64-bit,QAGS,0.025118864315095822,6.3999999999999995,0.0,603.6339657750236,603.6339657750236,582.4390624979969,592.7382812487281,599.3335937546362,610.4132812509988,633.4914062477992
32-bit,Series,0.025118864315095822,6.3999999999999995,1.4502968596297401e-16,15.747706240713878,15.747706240713878,15.204248047018254,15.523803710948414,15.624462890828639,16.103442382897626,16.502172851762253
32-bit,Gauss-Legendre,0.025118864315095822,6.3999999999999995,3.747277025911323e-12,74.63659319202554,74.63659319202554,72.40332031255292,73.56455078078028,74.61191406310519,75.04951171899421,78.22734375029228
32-bit,QAGS,0.025118864315095822,6.3999999999999995,1.4502968596297401e-16,202.07003348206499,202.07003348206499,196.1656250024646,199.26328124952875,201.96640624803308,202.98164062282353,220.27226562570945
64-bit,Series,0.025118864315095822,7.0,0.0,17.39039946058703,17.39039946058703,16.705078125012207,16.914868163908636,17.164013671910894,17.370068359445767,21.912915038946323
64-bit,Gauss-Legendre,0.025118864315095822,7.0,1.0755094008850445e-14,743.947693452794,743.947693452794,733.8796874947207,740.3726562458246,743.7421875025052,745.8523437477993,757.8976562498951
64-bit,QAGS,0.025118864315095822,7.0,1.473300549157595e-16,596.1856026781036,596.1856026781036,586.7492187476842,591.3812500040194,593.6765625023099,596.4187499998275,640.130468745781
32-bit,Series,0.025118864315095822,7.0,0.0,15.4923700241838,15.4923700241838,14.878173828059005,15.079663086003947,15.388525390624963,15.83127441406873,16.340209961107632
32-bit,Gauss-Legendre,0.025118864315095822,7.0,2.2943282194871973e-10,73.73498418890752,73.73498418890752,71.95664062464857,73.22949218746544,73.73310546920919,74.16259765591349,75.19208984341219
32-bit,QAGS,0.025118864315095822,7.0,1.473300549157595e-16,201.39776785756325,201.39776785756325,196.79765625113532,199.24218750233536,200.69023437585543,203.63984375038058,214.94726562565347
64-bit,Series,0.025118864315095822,7.6,2.9853452649979267e-16,16.755809384300896,16.755809384300896,16.238500976539783,16.525756835861216,16.67145996098185,16.90156250000463,17.837646484553105
64-bit,Gauss-Legendre,0.025118864315095822,7.6,9.702372111243262e-15,748.6338913693659,748.6338913693659,729.0937500030736,740.6648437466856,746.3195312453763,751.7796874978444,787.0695312561793
64-bit,QAGS,0.025118864315095822,7.6,1.4926726324989634e-16,596.7093377979689,596.7093377979689,585.1734374999751,590.3929687463005,597.6835937531177,603.2750000031228,608.9304687506569
32-bit,Series,0.025118864315095822,7.6,2.9853452649979267e-16,15.543956938236457,15.543956938236457,15.064746093917947,15.421801757842246,15.53735351556007,15.627929687456188,16.764965820259548
32-bit,Gauss-Legendre,0.025118864315095822,7.6,3.9905931127175157e-10,74.67229817711048,74.67229817711048,72.15302734397966,72.9936523429231,73.57412109332273,74.52675781305373,90.70976562508548
32-bit,QAGS,0.025118864315095822,7.6,1.4926726324989634e-16,202.63400297657708,202.63400297657708,197.48398437258174,200.2300781249744,201.18554687442725,204.60195312566043,218.09179687792835
64-bit,Series,0.025118864315095822,8.2,1.5092101421290872e-16,16.650229027187756,16.650229027187756,16.396313476496616,16.522534179719273,16.686132812582244,16.817358398535376,16.929541015731076
64-bit,Gauss-Legendre,0.025118864315095822,8.2,9.055260852774523e-15,744.4555431534569,744.4555431534569,730.9320312458567,741.2382812503893,743.3148437456794,745.6835937489359,762.6015624992988
64-bit,QAGS,0.025118864315095822,8.2,0.0,605.7633184539667,605.7633184539667,584.5617187532071,597.0570312499035,604.1671875038901,617.758593747908,629.983593753991
32-bit,Series,0.025118864315095822,8.2,1.5092101421290872e-16,15.731318591878056,15.731318591878056,15.074829101457965,15.32714843732741,15.60036621084393,15.918041992080134,17.990722656291425
32-bit,Gauss-Legendre,0.025118864315095822,8.2,5.099136613798562e-10,75.04902808782737,75.04902808782737,72.12763671926581,72.83867187446447,73.86074218818095,74.97822265634113,93.64951171875191
32-bit,QAGS,0.025118864315095822,8.2,4.5276304263872615e-16,200.3857328871967,200.3857328871967,196.91953125189343,198.67656250127652,199.96914062403448,202.37695312630422,204.51640624941092
64-bit,Series,0.025118864315095822,8.8,4.570478361404956e-16,16.629772367921753,16.629772367921753,16.159082031341754,16.325073242118293,16.523046874938885,16.732104492156452,17.919726562398708
64-bit,Gauss-Legendre,0.025118864315095822,8.8,8.683908886669416e-15,744.735863095446,744.735863095446,736.2070312524338,741.9320312536115,744.6984375008014,748.0593749988884,756.2359375015149
64-bit,QAGS,0.025118864315095822,8.8,1.5234927871349853e-16,597.1398437501259,597.1398437501259,586.4640625006246,590.1015625013883,596.9796875007205,601.7210937514506,608.4445312453113
32-bit,Series,0.025118864315095822,8.8,4.570478361404956e-16,15.527573939712525,15.527573939712525,15.013110351569381,15.177026366997026,15.316162109479947,15.410180664199302,19.86223144534449
32-bit,Gauss-Legendre,0.025118864315095822,8.8,5.671299403648359e-10,74.38509114587347,74.38509114587347,72.41884765640805,73.11533203147036,73.840332031061,74.82783203194288,78.93300781258716
32-bit,QAGS,0.025118864315095822,8.8,0.0,202.74138764856764,202.74138764856764,197.14531249803713,200.2566406282824,201.90078124926458,205.25507812507726,209.71328124730348
64-bit,Series,0.025118864315095822,9.4,1.5359522931148873e-16,16.628537713913094,16.628537713913094,16.197851562482768,16.432617187644993,16.602075195271127,16.849072265623377,17.006298828059485
64-bit,Gauss-Legendre,0.025118864315095822,9.4,7.679761465574436e-15,742.4425595241061,742.4425595241061,733.6179687484901,738.3945312469109,741.9257812557589,744.5984374996328,757.1414062539361
64-bit,QAGS,0.025118864315095822,9.4,0.0,524.056956845833,524.056956845833,511.57656250211403,516.0437499966974,522.1242187474218,531.4500000039857,545.2960937475382
32-bit,Series,0.025118864315095822,9.4,1.5359522931148873e-16,15.795333426337796,15.795333426337796,15.112377929726861,15.324682617112728,15.649365234349233,15.787402343647727,19.983618164021166
32-bit,Gauss-Legendre,0.025118864315095822,9.4,5.791152990008077e-10,75.10875651045842,75.10875651045842,72.22158203123996,73.5334960939582,74.88984375036978,75.51748046896734,79.12177734414882
32-bit,QAGS,0.025118864315095822,9.4,1.5359522931148873e-16,199.84477306524337,199.84477306524337,196.23984374916859,197.45664062398305,199.66328125065047,201.84218750074479,204.92187499954184
64-bit,Series,0.025118864315095822,10.0,4.640750362770516e-16,16.31581682477139,16.31581682477139,16.012280273480783,16.208862304800675,16.321655273543456,16.45656738280543,16.610424804719415
64-bit,Gauss-Legendre,0.025118864315095822,10.0,7.73458393795086e-15,742.8153645832258,742.8153645832258,731.3632812468995,740.0257812477662,742.3312499952317,747.1132812497672,751.6968749996522
64-bit,QAGS,0.025118864315095822,10.0,0.0,421.5063616071358,421.5063616071358,405.61171874742286,409.56249999624106,411.7656250031132,417.4062500013065,562.6218749981149
32-bit,Series,0.025118864315095822,10.0,4.640750362770516e-16,14.824178059895454,14.824178059895454,14.160986328226599,14.27822265642753,14.548315429685488,14.660986328296488,19.196899414097857
32-bit,Gauss-Legendre,0.025118864315095822,10.0,5.550281744869184e-10,74.52921316973361,74.52921316973361,72.30048828166247,73.16005859436814,73.95009765609473,74.64794921929752,79.6207031248386
32-bit,QAGS,0.025118864315095822,10.0,0.0,201.87626488098516,201.87626488098516,196.81757812506362,199.26679687642945,201.67343749832867,204.2019531245387,206.88046874894894
64-bit,Series,0.06309573444801943,1.0,8.51229411798287e-15,18.82964215961712,18.82964215961712,18.143164062456307,18.48100585943868,18.83195800789217,19.058764648471893,19.71481933593644
64-bit,Gauss-Legendre,0.06309573444801943,1.0,1.4784510836496565e-14,555.9695312501708,555.9695312501708,541.9929687491276,549.9406249995786,554.2343750022383,557.2710937542524,586.7781250046278
64-bit,QAGS,0.06309573444801943,1.0,0.0,205.03007812540844,205.03007812540844,196.94882812615333,199.59453124940296,201.68945312448727,203.8273437499072,271.2789062506715
32-bit,Series,0.06309573444801943,1.0,1.3607738443158086e-10,16.700061616396294,16.700061616396294,16.231274414080232,16.685791015547125,16.7010742186946,16.897045898245366,17.103857421929547
32-bit,Gauss-Legendre,0.06309573444801943,1.0,2.5136804530403415e-11,47.66402529755523,47.66402529755523,46.14150390613858,46.81391601524254,47.396386718912,47.94072265656979,50.20263671884351
32-bit,QAGS,0.06309573444801943,1.0,0.0,165.4289434521992,165.4289434521992,163.28085937544756,163.63789062445733,165.42343749925692,166.43222656220757,168.9271484384136
64-bit,Series,0.06309573444801943,1.6,1.725857302251982e-16,16.19791782923147,16.19791782923147,15.60769042963095,15.91574707027199,16.024365234512672,16.323413085883587,18.69650878916218
64-bit,Gauss-Legendre,0.06309573444801943,1.6,3.1238017170760875e-14,780.5840401786669,780.5840401786669,737.0531250003864,748.8546875009661,750.8640624962482,785.5710937505478,999.7539062567284
64-bit,QAGS,0.06309573444801943,1.6,1.725857302251982e-16,203.53126860091683,203.53126860091683,198.10468749881238,200.4976562481886,202.78046875077393,205.49062499952697,220.39726562539386
32-bit,Series,0.06309573444801943,1.6,9.946115632878173e-12,15.308282180061976,15.308282180061976,14.884472656184755,15.072143554784034,15.268139648583201,15.47209472652078,16.249096679743502
32-bit,Gauss-Legendre,0.06309573444801943,1.6,1.3523990406176758e-11,52.21517392121437,52.21517392121437,50.714062500567536,51.4652343746036,51.88125000010757,52.59462890627731,56.992968750613215
32-bit,QAGS,0.06309573444801943,1.6,0.0,166.8767857141112,166.8767857141112,162.4623046865281,163.8140624997675,165.32871093666301,167.42109374945358,179.71054687393462
64-bit,Series,0.06309573444801943,2.2,1.199952199873851e-16,16.66749674482448,16.66749674482448,16.403320312496916,16.49589843766286,16.635766601602597,16.820239257864245,16.989453125004772
64-bit,Gauss-Legendre,0.06309573444801943,2.2,3.9238436935874926e-14,751.3389508932141,751.3389508932141,728.957031249422,740.366406247972,746.9890624989262,749.1710937514995,838.506249998261
64-bit,QAGS,0.06309573444801943,2.2,3.599856599621553e-16,559.0163318440015,559.0163318440015,547.3320312461283,551.9343749966765,556.384374995389,561.4398437501222,604.9867187485347
32-bit,Series,0.06309573444801943,2.2,5.534179545818201e-13,16.13934849327888,16.13934849327888,15.264453125052313,15.3882324218646,16.238940429680326,16.633715820502104,17.53190917952452
32-bit,Gauss-Legendre,0.06309573444801943,2.2,3.447258678363595e-11,53.26886160710098,53.26886160710098,51.08515625096288,51.62822265525335,52.751562499508964,54.796875000207024,55.86181640637733
32-bit,QAGS,0.06309573444801943,2.2,1.199952199873851e-16,170.43531436012842,170.43531436012842,162.56386718538351,165.18847656143976,171.7871093767087,175.6183593748517,178.79511718632557
64-bit,Series,0.06309573444801943,2.8,0.0,17.60646856396875,17.60646856396875,16.408544921908685,16.776367187443242,17.557446288840595,17.941259765397177,21.110498046983395
64-bit,Gauss-Legendre,0.06309573444801943,2.8,4.30533678546039e-14,764.5127976195183,764.5127976195183,738.4773437451031,745.5085937522199,760.0054687628699,787.2992187571981,795.0671874965565
64-bit,QAGS,0.06309573444801943,2.8,1.4069728057060099e-16,202.56847098176235,202.56847098176235,197.44765624807314,200.09687499822348,202.2613281269514,203.7394531271275,220.18359374698093
32-bit,Series,0.06309573444801943,2.8,3.0672007164391016e-14,15.688803245914702,15.688803245914702,15.133300781400294,15.396655273391957,15.678564452947796,15.838574218829393,16.98630371116394
32-bit,Gauss-Legendre,0.06309573444801943,2.8,1.1048231445241552e-09,41.99069707965294,41.99069707965294,40.595019531686205,41.04760742240643,41.276318359706465,42.684570312978565,45.77978515563075
32-bit,QAGS,0.06309573444801943,2.8,2.8139456114120197e-16,168.0344308033184,168.0344308033184,163.67441406117678,164.76992187364203,166.23300781404282,167.8712890615941,195.77070312237765
64-bit,Series,0.06309573444801943,3.4,3.08571712668451e-16,16.915558733309247,16.915558733309247,16.502026367160028,16.802246094016482,16.848657226287145,17.03566894528663,17.570971679425895
64-bit,Gauss-Legendre,0.06309573444801943,3.4,4.47428983369254e-14,748.1700892858119,748.1700892858119,735.7914062424697,742.967968747621,747.9851562521844,751.697656255601,769.0781250033751
64-bit,QAGS,0.06309573444801943,3.4,1.542858563342255e-16,201.12799479187785,201.12799479187785,196.56015625457712,198.1785156246474,201.25859374786614,203.8597656266461,206.77617187203623
32-bit,Series,0.06309573444801943,3.4,2.160001988679157e-15,15.669567289806299,15.669567289806299,15.26877441371255,15.531958007741764,15.695532226800424,15.851123047028182,15.963183593648012
32-bit,Gauss-Legendre,0.06309573444801943,3.4,1.3283857944520482e-11,52.51129092290593,52.51129092290593,51.05986328146628,52.34775390583479,52.675000000945715,52.83642578213232,53.645703125937416
32-bit,QAGS,0.06309573444801943,3.4,0.0,168.49734932968713,168.49734932968713,162.45859374919291,163.9074218751091,165.72988280927348,167.25058593536346,213.4636718764682
64-bit,Series,0.06309573444801943,4.0,0.0,18.578408668156765,18.578408668156765,18.250854492141144,18.45209960915639,18.566772461259262,18.664746093577378,18.986987305069647
64-bit,Gauss-Legendre,0.06309573444801943,4.0,4.5710530601465155e-14,744.2285714266256,744.2285714266256,731.4101562485575,739.6328124968932,744.5015624938378,746.3656249910855,769.5999999981495
64-bit,QAGS,0.06309573444801943,4.0,0.0,201.04985119015086,201.04985119015086,196.7281249974917,199.15703125406026,200.83710937512933,203.31835937525966,209.21054687050855
32-bit,Series,0.06309573444801943,4.0,1.638370272453948e-16,16.402945963595833,16.402945963595833,15.959814453125887,16.206298828258525,16.415966797023174,16.606347656100695,16.758569336250417
32-bit,Gauss-Legendre,0.06309573444801943,4.0,1.4861329067375272e-11,52.84921409958495,52.84921409958495,50.908496092461064,51.35136718870115,51.5291015616981,52.360156249875445,73.43759765632285
32-bit,QAGS,0.06309573444801943,4.0,0.0,166.53703497008595,166.53703497008595,161.59960937400797,164.27753906356202,166.46093750338764,168.054882813351,177.5677734343617
64-bit,Series,0.06309573444801943,4.6,0.0,16.687881324362053,16.687881324362053,16.18173828132896,16.513793945183153,16.763818359244453,16.876806640642172,17.097021484779873
64-bit,Gauss-Legendre,0.06309573444801943,4.6,2.7003529144900944e-14,437.1597470238731,437.1597470238731,425.8828124932279,433.0554687470567,437.50859374824813,439.1437500004258,456.85078124790834
64-bit,QAGS,0.06309573444801943,4.6,0.0,200.8037388384039,200.8037388384039,195.16679687114902,199.31484375490527,200.17968749641568,203.42460937428086,205.74140624773918
32-bit,Series,0.06309573444801943,4.6,0.0,15.57568824406275,15.57568824406275,15.032519531388289,15.2531982422488,15.359008788795592,15.649438476650346,17.975488281418706
32-bit,Gauss-Legendre,0.06309573444801943,4.6,7.605595256185045e-12,53.16289992568237,53.16289992568237,50.613867188076256,51.24111328136394,52.171191406102935,52.86962890593827,75.58134765695002
32-bit,QAGS,0.06309573444801943,4.6,1.7090841230949965e-16,166.69122953805714,166.69122953805714,161.14863280947134,163.34394531369867,165.58984374981378,169.09941406240137,175.08749999706197
64-bit,Series,0.06309573444801943,5.2,3.52705287590585e-16,16.850126720548865,16.850126720548865,16.214477539300276,16.617138671737308,16.850024413983533,17.025683593629992,17.438574218431313
64-bit,Gauss-Legendre,0.06309573444801943,5.2,4.6733450605752516e-14,741.0623883944688,741.0623883944688,733.2414062375392,736.4257812554342,740.5296875049316,745.2062500021839,754.2101562449943
64-bit,QAGS,0.06309573444801943,5.2,1.763526437952925e-16,562.7272693443176,562.7272693443176,545.8976562522366,556.4976562482116,562.8937500006259,565.796874994362,590.4874999913545
32-bit,Series,0.06309573444801943,5.2,3.52705287590585e-16,15.776021902973236,15.776021902973236,15.042309570389989,15.320507812610629,15.56286621084979,15.73293457024505,20.770019531379802
32-bit,Gauss-Legendre,0.06309573444801943,5.2,3.6557903058764137e-13,51.92304687506337,51.92304687506337,50.68671875108066,51.4434570320077,51.83740234393497,52.3758789068296,54.18671874934944
32-bit,QAGS,0.06309573444801943,5.2,9.699395408741088e-14,131.7733258922937,131.7733258922937,126.65390624988504,129.7226562506637,131.02246093410486,132.11484375119653,139.1474609384602
64-bit,Series,0.06309573444801943,5.8,3.6134544592469854e-16,16.562854585241585,16.562854585241585,16.203784179769087,16.33342285156658,16.595239257899408,16.704907226827714,17.279931640690194
64-bit,Gauss-Legendre,0.06309573444801943,5.8,4.697490797021081e-14,754.7489211315819,754.7489211315819,732.179687503276,741.3437499934616,746.7820312569984,750.797656252189,899.847656242514
64-bit,QAGS,0.06309573444801943,5.8,0.0,558.3633928579059,558.3633928579059,548.3460937512064,553.6625000104323,556.9593750038848,563.1132812595752,569.8679687498043
32-bit,Series,0.06309573444801943,5.8,3.6134544592469854e-16,15.860287620889883,15.860287620889883,15.039868163757575,15.261328125237839,15.57380371108863,15.960302734097098,21.016088866954163
32-bit,Gauss-Legendre,0.06309573444801943,5.8,5.777552334890005e-12,51.96113746267864,51.96113746267864,50.47167968896815,51.167968750931436,51.58535156191135,52.33466796816799,58.337304686517655
32-bit,QAGS,0.06309573444801943,5.8,1.8067272296234927e-16,166.4473307289292,166.4473307289292,161.8667968763532,163.22910156318926,165.8712890630909,166.89238281131225,176.87304687541427
64-bit,Series,0.06309573444801943,6.3999999999999995,3.6836798396474635e-16,16.70550827748669,16.70550827748669,16.162036132527646,16.36552734396446,16.50273437459049,16.758056640586716,18.13608398437694
64-bit,Gauss-Legendre,0.06309573444801943,6.3999999999999995,4.696691795550516e-14,747.7018973227295,747.7018973227295,732.4210937440512,741.8664062441849,745.1593750005259,750.9507812528682,791.7070312544183
64-bit,QAGS,0.06309573444801943,6.3999999999999995,1.8418399198237318e-16,568.0245163688369,568.0245163688369,545.948437505217,554.4632812615191,559.1468749912565,567.2460937518053,661.6953125018199
32-bit,Series,0.06309573444801943,6.3999999999999995,3.6836798396474635e-16,15.34426037013994,15.34426037013994,15.150976562239293,15.214355468362584,15.315112304570278,15.401953124882795,16.044775390522403
32-bit,Gauss-Legendre,0.06309573444801943,6.3999999999999995,8.173717196193757e-12,51.608798362983485,51.608798362983485,50.674121093052804,51.058593749431225,51.54716796873515,52.13818359450784,53.31308593703454
32-bit,QAGS,0.06309573444801943,6.3999999999999995,1.8418399198237318e-16,168.2770833331761,168.2770833331761,163.60195312259407,165.47675781097837,166.51875000306404,167.9628906252617,177.4761718742468
64-bit,Series,0.06309573444801943,7.0,1.870940356675018e-16,17.73897181919385,17.73897181919385,17.336401366918608,17.658105468498775,17.74301757828667,17.84631347678811,18.062841796950835
64-bit,Gauss-Legendre,0.06309573444801943,7.0,2.525769481511274e-14,390.12284226169226,390.12284226169226,378.41992187281903,382.22539063070826,385.2546874938412,388.65742187255137,477.63789062571504
64-bit,QAGS,0.06309573444801943,7.0,0.0,565.8885788700932,565.8885788700932,545.7570312614735,554.2515625052147,563.0718749927155,574.7679687573282,599.4523437493626
32-bit,Series,0.06309573444801943,7.0,1.870940356675018e-16,15.468754650294603,15.468754650294603,15.098876953167917,15.242504882717611,15.393310546674144,15.576098633118818,16.720458984487152
32-bit,Gauss-Legendre,0.06309573444801943,7.0,8.200331583306602e-12,52.000451078829514,52.000451078829514,50.5939453123716,51.68134765654031,52.25800781261114,52.5003906250987,52.92763671960188
32-bit,QAGS,0.06309573444801943,7.0,0.0,167.20274367492445,167.20274367492445,162.0257812504633,164.63359375151754,166.0099609352983,167.8878906226089,177.5041015612544
64-bit,Series,0.06309573444801943,7.6,7.581801637664241e-16,16.710332961313753,16.710332961313753,16.316723633114094,16.510375976164227,16.617724609258033,16.822583007947145,17.3928710940352
64-bit,Gauss-Legendre,0.06309573444801943,7.6,4.757580527634311e-14,750.7107142836438,750.7107142836438,733.8093750064445,738.1609375016751,740.0148437426424,748.6289062512697,898.3773437449827
64-bit,QAGS,0.06309573444801943,7.6,0.0,561.1519345248576,561.1519345248576,548.7187500108348,551.7304687572278,558.8437499994825,564.6124999998392,593.9515624930891
32-bit,Series,0.06309573444801943,7.6,7.581801637664241e-16,15.872662062932363,15.872662062932363,15.089672851686942,15.319921875089904,15.82568359381753,16.311328125073743,17.207031250077165
32-bit,Gauss-Legendre,0.06309573444801943,7.6,6.7284698633451304e-12,51.775279017769144,51.775279017769144,50.66093750016876,51.198632812443634,51.61367187511701,52.189160156146386,53.22705078292245
32-bit,QAGS,0.06309573444801943,7.6,1.8954504094160602e-16,168.23902529746908,168.23902529746908,161.43730468698436,164.20488281454482,166.57343750026143,167.9039062523202,190.473632812882
64-bit,Series,0.06309573444801943,8.2,7.665506145000733e-16,16.482748558392718,16.482748558392718,16.259448242017527,16.404174804751648,16.495898437440815,16.559082030909167,16.785009765651893
64-bit,Gauss-Legendre,0.06309573444801943,8.2,4.7526138099004544e-14,743.2441592236554,743.2441592236554,736.394531244855,738.0851562572843,741.1070312457468,746.0523437430311,761.3984374899019
64-bit,QAGS,0.06309573444801943,8.2,0.0,560.0760416662015,560.0760416662015,547.7999999925487,553.348437506429,559.9445312469697,564.2703124948412,590.846874999329
32-bit,Series,0.06309573444801943,8.2,7.665506145000733e-16,15.512126813636904,15.512126813636904,15.037573242171476,15.338208008142118,15.555761718744066,15.695068359633524,16.140991210722433
32-bit,Gauss-Legendre,0.06309573444801943,8.2,4.5054012367241806e-12,51.74336867546409,51.74336867546409,50.87646484369657,51.20439453243364,51.63417968745421,52.34853515467819,52.82207031243047
32-bit,QAGS,0.06309573444801943,8.2,1.9163765362501832e-16,169.15840773803905,169.15840773803905,160.5249999983016,163.99609374673219,166.95429687629826,171.29648437474998,210.15507812549572
64-bit,Series,0.06309573444801943,8.8,3.8689021924275326e-16,16.63306361612694,16.63306361612694,16.34501953118317,16.526953125151067,16.645678710958123,16.72714843747869,16.913696289311275
64-bit,Gauss-Legendre,0.06309573444801943,8.8,4.778094207648003e-14,744.7110119045419,744.7110119045419,728.8015624880018,736.8351562462294,743.7460937467222,747.107812500758,782.951562499079
64-bit,QAGS,0.06309573444801943,8.8,0.0,591.7986979174625,591.7986979174625,579.9210937453836,585.1804687608819,588.8906249964521,595.201562504144,611.7140625008233
32-bit,Series,0.06309573444801943,8.8,3.8689021924275326e-16,15.494469633664787,15.494469633664787,15.163549804686483,15.352392578549257,15.4528808598009,15.674316406144584,15.836083984144267
32-bit,Gauss-Legendre,0.06309573444801943,8.8,2.070443008277594e-12,52.83457961294655,52.83457961294655,50.5361328126952,51.6121093738775,51.804687499767965,52.4844726559337,72.03906250019543
32-bit,QAGS,0.06309573444801943,8.8,3.8689021924275326e-16,166.34717261897526,166.34717261897526,161.24023437313895,163.05410155936784,164.73574218878184,167.44101562338187,177.4929687492488
64-bit,Series,0.06309573444801943,9.4,7.800878720925067e-16,16.487819707967056,16.487819707967056,16.1921630859041,16.39675292963716,16.4678222653869,16.550708008100656,16.893188476529986
64-bit,Gauss-Legendre,0.06309573444801943,9.4,4.797540413368916e-14,741.828348214399,741.828348214399,729.0593750042262,735.8749999895053,740.7523437450436,744.2789062537258,774.0578125066122
64-bit,QAGS,0.06309573444801943,9.4,0.0,589.9019717253125,589.9019717253125,579.2984374863863,586.834374999512,590.0382812455973,593.1742187499367,604.0250000012293
32-bit,Series,0.06309573444801943,9.4,7.800878720925067e-16,15.871719214995075,15.871719214995075,15.143749999779743,15.454638671918985,15.618627929647744,15.912036132714746,20.417163085983958
32-bit,Gauss-Legendre,0.06309573444801943,9.4,2.369516911480989e-13,51.90339006715711,51.90339006715711,50.529199217663745,51.37841796987175,51.86972656190392,52.483496094879456,52.80458984380232
32-bit,QAGS,0.06309573444801943,9.4,0.0,166.26477864551114,166.26477864551114,161.64082031266958,164.0050781261948,165.34238281096236,166.65585937403193,176.41289062453325
64-bit,Series,0.06309573444801943,10.0,1.9640970651612085e-16,16.864121791280795,16.864121791280795,16.489794921525913,16.685522461035163,16.84321289063817,17.04055175810737,17.165551757791775
64-bit,Gauss-Legendre,0.06309573444801943,10.0,4.7531148976901246e-14,740.6505580352781,740.6505580352781,727.3531250007181,735.9499999921582,738.8749999961419,746.3296875016567,752.707031239197
64-bit,QAGS,0.06309573444801943,10.0,3.928194130322417e-16,602.980357143002,602.980357143002,584.1023437511694,590.3718749920017,592.9585937565207,596.6664062526661,773.7265624996326
32-bit,Series,0.06309573444801943,10.0,1.9640970651612085e-16,14.436135137688025,14.436135137688025,14.013378906607699,14.370166015797992,14.457299804870871,14.567919921937289,14.656274414104331
32-bit,Gauss-Legendre,0.06309573444801943,10.0,2.2221794195233913e-12,51.88659784198061,51.88659784198061,50.90146484398872,51.57792968724095,51.994531249377474,52.13007812443493,52.60029296927371
32-bit,QAGS,0.06309573444801943,10.0,1.9640970651612085e-16,166.81187686036952,166.81187686036952,161.11523437345454,164.66914062718274,165.45175781246257,168.46699218930894,176.40742187197134
64-bit,Series,0.15848931924611143,1.0,1.3710505441323449e-15,21.528080822198962,21.528080822198962,19.155102539247792,19.416088867352244,19.597607422205954,19.722924804455033,35.198681640924434
64-bit,Gauss-Legendre,0.15848931924611143,1.0,5.895517339769083e-15,553.1671874993414,553.1671874993414,543.5140624996393,549.52499999672,551.890625004603,558.3531250010765,568.4140624993006
64-bit,QAGS,0.15848931924611143,1.0,1.3710505441323449e-16,170.20141369020587,170.20141369020587,162.73183593895624,164.3876953103529,166.0550781252823,168.60957031283874,209.8292968746307
32-bit,Series,0.15848931924611143,1.0,1.9610602089909933e-10,17.316201636902967,17.316201636902967,16.721386718820952,17.103515625116472,17.31801757820506,17.434033203311827,18.734057616764943
32-bit,Gauss-Legendre,0.15848931924611143,1.0,3.866362534453212e-14,37.64978376128542,37.64978376128542,36.72006836019648,37.16865234437705,37.32846679671553,38.00400390652214,39.79033203105331
32-bit,QAGS,0.15848931924611143,1.0,1.3710505441323449e-16,130.3730189734086,130.3730189734086,127.4964843780424,128.62324218687604,129.8775390630169,131.26464843793428,139.2578124992383
64-bit,Series,0.15848931924611143,1.6,0.0,16.100467354938193,16.100467354938193,15.720263671692436,15.958374023572475,16.07033691408688,16.257788086004865,16.694726562516138
64-bit,Gauss-Legendre,0.15848931924611143,1.6,1.283553329108482e-14,755.7460193462854,755.7460193462854,734.767187509533,741.8499999971573,744.1664062497466,752.7757812511027,910.1718749917609
64-bit,QAGS,0.15848931924611143,1.6,0.0,165.80459449415451,165.80459449415451,162.0820312489002,163.9841796894359,164.70273437718674,165.39355468836447,178.48613281046255
32-bit,Series,0.15848931924611143,1.6,3.283389960827851e-11,15.25482003350036,15.25482003350036,14.992163085647547,15.16882324192892,15.237158203174062,15.30095214841154,15.973120117251938
32-bit,Gauss-Legendre,0.15848931924611143,1.6,1.5741691772085156e-14,41.524767485021755,41.524767485021755,40.55185546913975,40.866210937018366,41.277490234747916,41.66386718740256,43.538964843214956
32-bit,QAGS,0.15848931924611143,1.6,1.2108993670834736e-16,128.80686383927772,128.80686383927772,127.40859374815727,128.20214843856093,128.45136718553363,129.15117187262126,132.93906249955967
64-bit,Series,0.15848931924611143,2.2,0.0,16.918981352365137,16.918981352365137,16.43591308608805,16.65400390615801,16.83017578102408,16.99143066424824,18.544238281403835
64-bit,Gauss-Legendre,0.15848931924611143,2.2,1.8982155099125863e-15,130.98536086395657,130.98536086395657,129.27714843868898,130.15371093771932,131.03437500205928,131.99414062725623,132.63164062848887
64-bit,QAGS,0.15848931924611143,2.2,0.0,165.12142857193018,165.12142857193018,162.89960937498904,163.9755859379477,164.63124999788192,166.1339843757048,168.60527344064735
32-bit,Series,0.15848931924611143,2.2,5.124074584383201e-12,15.579802594869886,15.579802594869886,15.294238281171602,15.43002929693671,15.489306640414924,15.543652343907866,16.50842285183529
32-bit,Gauss-Legendre,0.15848931924611143,2.2,7.751046665476393e-15,41.6750581286979,41.6750581286979,40.43920898411102,41.00844726551145,41.57529296922036,42.439208984390575,43.26337890603327
32-bit,QAGS,0.15848931924611143,2.2,1.4552985575996494e-14,94.40423642138015,94.40423642138015,92.4226562499797,93.06552734500428,93.37265625042335,93.60527343638125,114.91113281358878
64-bit,Series,0.15848931924611143,2.8,3.649141003939387e-16,16.691052827358785,16.691052827358785,16.428833007786636,16.585107422084633,16.689794922086776,16.76003417960814,17.095141601419783
64-bit,Gauss-Legendre,0.15848931924611143,2.8,2.1165017822848445e-14,739.4478794639424,739.4478794639424,733.9164062472037,737.4054687545595,739.4609374955508,741.4460937553713,743.7750000036658
64-bit,QAGS,0.15848931924611143,2.8,0.0,171.79869791678334,171.79869791678334,163.61308593815238,165.52128906255348,169.01171875005616,175.6226562505958,211.6990234384275
32-bit,Series,0.15848931924611143,2.8,8.343760905507408e-13,15.504808407734453,15.504808407734453,15.279614257845964,15.422167968459632,15.472241210900961,15.522827148561902,15.789599609572491
32-bit,Gauss-Legendre,0.15848931924611143,2.8,2.007027552166663e-15,41.5277994792753,41.5277994792753,40.506689453323474,40.65244140605273,40.9419921876264,41.60771484418291,46.32373046842275
32-bit,QAGS,0.15848931924611143,2.8,7.480739058075744e-15,93.64980468761802,93.64980468761802,92.32343749943084,93.02373046971013,93.48818359278255,93.88457031178632,99.69462890602188
64-bit,Series,0.15848931924611143,3.4,1.9890795899020059e-16,16.688512602312603,16.688512602312603,16.415942382774773,16.55314941428898,16.63750000036046,16.811840820363244,17.062963867164882
64-bit,Gauss-Legendre,0.15848931924611143,3.4,2.327223120185347e-14,741.4893229142059,741.4893229142059,732.710156256644,738.9632812504487,741.603124993162,742.5234374949241,753.2179687501639
64-bit,QAGS,0.15848931924611143,3.4,1.9890795899020059e-16,129.56935453817528,129.56935453817528,127.32050781139037,128.21738281232342,128.56601562560854,129.6511718749116,139.04960937694
32-bit,Series,0.15848931924611143,3.4,1.4679407373476803e-13,16.11488676538692,16.11488676538692,15.357470703136755,15.52629394563354,15.768481445466165,16.37163085943527,20.85200195311998
32-bit,Gauss-Legendre,0.15848931924611143,3.4,2.3868955078824072e-15,41.06466238843846,41.06466238843846,40.5334472661778,40.705419921849284,40.922802734044694,41.23491210883401,43.05751953115333
32-bit,QAGS,0.15848931924611143,3.4,1.9890795899020059e-16,128.44686569970403,128.44686569970403,127.05937500001596,128.08789062646042,128.35703125091413,128.76289062546675,129.6105468746589
64-bit,Series,0.15848931924611143,4.0,2.1064201633870631e-16,20.073523530463774,20.073523530463774,19.739965820164684,19.92392578120672,19.985375976361297,20.133813476430618,20.576904296909504
64-bit,Gauss-Legendre,0.15848931924611143,4.0,2.4645115911628636e-14,744.8459449418145,744.8459449418145,733.7390624968521,737.1671875091579,739.2249999895739,745.2960937541775,794.6093750064165
64-bit,QAGS,0.15848931924611143,4.0,0.0,168.31615513370122,168.31615513370122,162.58203125119053,163.8990234376081,164.80234375038094,169.36699218561557,204.77695312592914
32-bit,Series,0.15848931924611143,4.0,2.8015388173047937e-14,16.991489955296508,16.991489955296508,16.846826171867946,16.901098632615685,16.96159667963215,17.08876953099292,17.187475585878076
32-bit,Gauss-Legendre,0.15848931924611143,4.0,4.844766375790245e-15,41.09222935276877,41.09222935276877,40.52968749945762,40.86245117207454,41.093896484767356,41.24736328137146,41.76386718768299
32-bit,QAGS,0.15848931924611143,4.0,0.0,129.80847284216864,129.80847284216864,127.88554687759301,128.21796875073233,129.16328125101018,129.6662109382396,143.0847656251899
64-bit,Series,0.15848931924611143,4.6,2.193938380888128e-16,16.95200544088713,16.95200544088713,16.45874023425975,16.65195312527956,16.7318359372004,16.98903808611263,19.63479003919133
64-bit,Gauss-Legendre,0.15848931924611143,4.6,4.168482923687443e-15,52.89145740338172,52.89145740338172,51.04501953034912,51.4365234387526,51.94765625127218,52.39707031279295,72.25751953221504
64-bit,QAGS,0.15848931924611143,4.6,0.0,165.842968750139,165.842968750139,162.39921875182972,163.9353515621167,164.85195312299084,165.9593749998578,176.69531250064097
32-bit,Series,0.15848931924611143,4.6,5.48484595222032e-15,15.410112072178348,15.410112072178348,15.140209960851081,15.322680664286992,15.40979003911147,15.476831054961337,15.750708007633563
32-bit,Gauss-Legendre,0.15848931924611143,4.6,4.168482923687443e-15,41.07011021221785,41.07011021221785,40.48007812507137,40.77158203141806,41.080078124977604,41.266992187871665,41.74868164064094
32-bit,QAGS,0.15848931924611143,4.6,0.0,129.26215587801457,129.26215587801457,127.12851562568517,127.9732421863855,129.29785156146067,130.25175781322673,132.09960937388132
64-bit,Series,0.15848931924611143,5.2,3.392399426904188e-16,16.890183221775942,16.890183221775942,16.35947265610227,16.514135742440317,16.701171875244114,16.962548828214352,19.500195312716073
64-bit,Gauss-Legendre,0.15848931924611143,5.2,2.6460715529852667e-14,745.2622023808295,745.2622023808295,732.8078124970716,737.409374991671,742.0343750084157,745.2796875071499,788.705468750095
64-bit,QAGS,0.15848931924611143,5.2,1.1307998089680627e-16,243.75898437444306,243.75898437444306,233.0027343688812,234.5945312498543,237.38125000249966,245.95625000500831,334.54375000019354
32-bit,Series,0.15848931924611143,5.2,1.5831197325552877e-15,15.39088774183908,15.39088774183908,15.203833007682022,15.296118164087602,15.396533203038132,15.44611816406416,15.748364257994751
32-bit,Gauss-Legendre,0.15848931924611143,5.2,3.844719350491413e-15,40.94383138017069,40.94383138017069,40.41899414097827,40.74282226529391,40.979687500275475,41.10517578137518,41.45234374952622
32-bit,QAGS,0.15848931924611143,5.2,2.2615996179361255e-16,129.13862537223238,129.13862537223238,127.75957031507801,128.28925781249723,128.96289062780397,129.655078126234,131.12460937492187
64-bit,Series,0.15848931924611143,5.8,5.788574351038244e-16,17.010561988476763,17.010561988476763,16.203906250122913,16.4393798827156,16.71550292980939,17.148803710842486,21.349755859212394
64-bit,Gauss-Legendre,0.15848931924611143,5.8,2.7669385397962808e-14,743.3897693450339,743.3897693450339,734.8593750009513,740.292968743006,743.6414062453878,745.8695312578811,755.039062497076
64-bit,QAGS,0.15848931924611143,5.8,1.157714870207649e-16,243.14640996978127,243.14640996978127,233.1039062468676,235.0457031212727,237.87382812656688,248.73671875269565,281.44374999783395
32-bit,Series,0.15848931924611143,5.8,9.261718961661191e-16,15.459850492946646,15.459850492946646,15.160986328144332,15.272241210784188,15.41491699219577,15.531591796680289,16.4841796874704
32-bit,Gauss-Legendre,0.15848931924611143,5.8,2.4004638976320498e-11,31.757859003085578,31.757859003085578,30.111279296640703,30.554248047209853,31.481103515140774,32.25839843778999,36.189160156574474
32-bit,QAGS,0.15848931924611143,5.8,9.261718961661191e-16,94.64321056488042,94.64321056488042,92.32089843536073,92.69746093565345,93.4337890612369,95.07949218701128,99.27949218990761
64-bit,Series,0.15848931924611143,6.3999999999999995,2.3592586530700314e-16,16.858786737379496,16.858786737379496,16.28068847647768,16.43127441441905,16.559570312768557,16.81357421867702,20.005419921531598
64-bit,Gauss-Legendre,0.15848931924611143,6.3999999999999995,2.7957215038879876e-14,743.7449032736474,743.7449032736474,734.0789062482145,738.0906250062935,740.6773437423908,746.1921875062671,764.1140625054277
64-bit,QAGS,0.15848931924611143,6.3999999999999995,0.0,524.1516369049274,524.1516369049274,517.6226562468855,519.3585937490752,524.1554687529515,527.7437499984217,538.9984375057111
32-bit,Series,0.15848931924611143,6.3999999999999995,1.1796293265350157e-16,15.772769019719473,15.772769019719473,15.210693359080096,15.405175781246783,15.579687500100192,16.03447265630109,16.846997070274483
32-bit,Gauss-Legendre,0.15848931924611143,6.3999999999999995,3.1849991816445427e-15,41.1024576821903,41.1024576821903,40.34809570274689,40.82226562474034,40.98139648434085,41.30273437485954,43.46821289047398
32-bit,QAGS,0.15848931924611143,6.3999999999999995,8.257405285745111e-16,95.01803385381622,95.01803385381622,92.28740234235033,92.76679687353351,93.70947265630036,94.51259765569375,119.65624999987767
64-bit,Series,0.15848931924611143,7.0,2.395628549374042e-16,19.605976795062084,19.605976795062084,19.24335937530941,19.402539062518542,19.493212890520084,19.672119140778932,21.422094726553098
64-bit,Gauss-Legendre,0.15848931924611143,7.0,2.8028854027676288e-14,739.2935639881583,739.2935639881583,732.7679687563204,736.5585937577634,739.2023437375883,741.4742187563661,746.4476562404343
64-bit,QAGS,0.15848931924611143,7.0,2.395628549374042e-16,533.9256696417003,533.9256696417003,515.5203124900254,524.6523437421047,529.9843749924094,544.443750001733,587.1781250021968
32-bit,Series,0.15848931924611143,7.0,2.395628549374042e-16,16.039221772618227,16.039221772618227,15.783129883040203,15.941113280959485,16.005737304425338,16.114233398312194,16.491674804441914
32-bit,Gauss-Legendre,0.15848931924611143,7.0,3.3538799691236584e-15,41.71151181173303,41.71151181173303,40.545166015704126,40.942968750457,41.085937499296676,41.400439452665694,51.604980468411554
32-bit,QAGS,0.15848931924611143,7.0,3.593442824061063e-16,93.36574590756456,93.36574590756456,92.33603515568234,92.83330078169172,93.17773437444998,93.54716796927676,95.54589843752126
64-bit,Series,0.15848931924611143,7.6,3.63943527790713e-16,16.732765996996775,16.732765996996775,16.34296874986063,16.433203124943674,16.474218750062164,16.61650390616387,19.431323242002918
64-bit,Gauss-Legendre,0.15848931924611143,7.6,2.875153869546633e-14,744.3159598230814,744.3159598230814,732.825000000048,737.7000000019507,740.2289062525824,744.1656250080086,790.9695312520171
64-bit,QAGS,0.15848931924611143,7.6,1.21314509263571e-16,519.523772320256,519.523772320256,512.1695312482188,516.3726562500415,519.0000000112605,522.6242187461594,525.5867187514696
32-bit,Series,0.15848931924611143,7.6,3.63943527790713e-16,15.444652157700236,15.444652157700236,15.211914062174259,15.302416992213352,15.356787109510606,15.616577148325206,15.752563476301162
32-bit,Gauss-Legendre,0.15848931924611143,7.6,3.63943527790713e-15,40.9697777157904,40.9697777157904,40.58525390604473,40.69111328153241,40.866894530644515,41.07944335896008,42.21328125009194
32-bit,QAGS,0.15848931924611143,7.6,1.21314509263571e-16,93.31988932283409,93.31988932283409,92.23261718815934,92.90527343708277,93.3666992182225,93.79062499981217,94.42998046793605
64-bit,Series,0.15848931924611143,8.2,0.0,16.620979817678307,16.620979817678307,16.322045898409243,16.528808593818667,16.640551757873823,16.666650390462223,17.283496093867257
64-bit,Gauss-Legendre,0.15848931924611143,8.2,2.89393522390005e-14,762.8042038698184,762.8042038698184,730.2187500073387,739.6226562548236,746.1328124946931,776.5679687565807,930.407812504086
64-bit,QAGS,0.15848931924611143,8.2,1.226243738940699e-16,449.5628720254293,449.5628720254293,443.6960937397316,445.78749999857337,447.20078125237706,452.63203125500695,462.50156249527663
32-bit,Series,0.15848931924611143,8.2,0.0,15.383882068422034,15.383882068422034,15.173315429883871,15.254223632688024,15.352416991909479,15.54235839851259,15.610107422237007
32-bit,Gauss-Legendre,0.15848931924611143,8.2,3.8013555907161665e-15,41.35189499638024,41.35189499638024,40.4760742194199,40.83666992205082,41.11196289091623,41.53012695340408,43.13549804724204
32-bit,QAGS,0.15848931924611143,8.2,2.452487477881398e-16,93.19095982134634,93.19095982134634,92.54277343728745,92.85146484394602,93.12705078201589,93.4830078129778,94.2838867192819
64-bit,Series,0.15848931924611143,8.8,1.237564023306452e-16,16.53255557106566,16.53255557106566,16.292456054500803,16.37812499977187,16.491015625064165,16.707055664255677,16.823730468740195
64-bit,Gauss-Legendre,0.15848931924611143,8.8,2.945402375469356e-14,778.7013392796131,778.7013392796131,734.0171874830048,742.7312499999061,774.8171874766285,800.6890624869811,858.5531249991618
64-bit,QAGS,0.15848931924611143,8.8,1.237564023306452e-16,343.05531994065285,343.05531994065285,336.375781245124,340.50195312573805,342.27382812446194,344.08281250364325,357.3035156207993
32-bit,Series,0.15848931924611143,8.8,1.237564023306452e-16,15.343620954233469,15.343620954233469,15.177392577836457,15.274023437594764,15.328320312590904,15.430566406404722,15.478002930002788
32-bit,Gauss-Legendre,0.15848931924611143,8.8,3.4651792652580654e-15,41.092315383168504,41.092315383168504,40.45180664036252,40.905810546831844,41.04106445357303,41.26479492150281,42.206445312054086
32-bit,QAGS,0.15848931924611143,8.8,3.7126920699193557e-16,93.63738839283205,93.63738839283205,92.23798828195129,92.67773437571236,92.96406250136613,93.5761718743322,100.86982421775303
64-bit,Series,0.15848931924611143,9.4,6.237223600153597e-16,16.72738909050001,16.72738909050001,16.039868164341442,16.213793945230037,16.368188476612033,16.516650390485665,22.501074218972406
64-bit,Gauss-Legendre,0.15848931924611143,9.4,2.956443986472805e-14,755.4913690463699,755.4913690463699,731.9968750039152,737.8671874960219,740.78437498315,754.0390624853899,923.1749999969452
64-bit,QAGS,0.15848931924611143,9.4,0.0,347.25290178509266,347.25290178509266,339.00703125056,340.26289062438764,342.32031249814554,344.6609375004073,447.31640625172986
32-bit,Series,0.15848931924611143,9.4,6.237223600153597e-16,15.54706101192238,15.54706101192238,15.013940429575712,15.35783691419823,15.410864257603407,15.560913086076766,18.00007324215258
32-bit,Gauss-Legendre,0.15848931924611143,9.4,3.742334160092158e-15,41.14016229533625,41.14016229533625,40.231249999855834,41.04458007869738,41.12070312523031,41.332861327347814,41.86166992248275
32-bit,QAGS,0.15848931924611143,9.4,0.0,95.31350911492117,95.31350911492117,91.70859375018381,93.09267578139213,93.85800781203102,94.48564453151675,117.60224609425052
64-bit,Series,0.15848931924611143,10.0,5.024575158515924e-16,18.912511625710614,18.912511625710614,17.848901367134573,18.36748046901704,18.77338867206646,19.280346679639848,20.504711913726936
64-bit,Gauss-Legendre,0.15848931924611143,10.0,2.977060781420685e-14,740.0155505979998,740.0155505979998,729.5375000069271,736.225781253097,737.5906250075559,739.7234375048356,787.01796874725
64-bit,QAGS,0.15848931924611143,10.0,0.0,306.68005952248575,306.68005952248575,300.83242187117776,303.7511718702035,306.32460937596306,309.4523437496832,311.3738281257383
32-bit,Series,0.15848931924611143,10.0,5.024575158515924e-16,14.413159179620699,14.413159179620699,14.054663085794061,14.201074218789245,14.33493652314155,14.520605468693049,15.080493164010278
32-bit,Gauss-Legendre,0.15848931924611143,10.0,3.7684313688869434e-15,41.66550874261178,41.66550874261178,40.55078125020373,40.68974609339193,40.883447265827044,41.342919922193744,51.74638671867626
32-bit,QAGS,0.15848931924611143,10.0,5.024575158515924e-16,93.4792736236391,93.4792736236391,91.58144531262735,92.15488281277828,92.98671874979902,94.20615234390084,97.74990234490133
64-bit,Series,0.39810717055349776,1.0,4.497653884609711e-16,21.898304966492894,21.898304966492894,21.469287109443513,21.63510742159147,21.739794921593614,22.036962890492617,23.122509765549637
64-bit,Gauss-Legendre,0.39810717055349776,1.0,4.497653884609711e-16,564.9558779772351,564.9558779772351,544.7570312497874,549.5828124963964,556.2867187620668,579.6132812605492,600.3843750050919
64-bit,QAGS,0.39810717055349776,1.0,1.4992179615365703e-16,130.55445498485105,130.55445498485105,126.64257812389224,128.10371093863182,129.14335937352917,131.23320312402598,138.32148437487035
32-bit,Series,0.39810717055349776,1.0,3.2833383091757816e-10,18.336662946430305,18.336662946430305,17.88354492138211,18.198486328557806,18.36494140672329,18.516210936958544,18.734765625083583
32-bit,Gauss-Legendre,0.39810717055349776,1.0,3.748044903841426e-15,28.327892484953615,28.327892484953615,27.401074218502686,28.119335937049073,28.334277343056158,28.5854980468514,29.410253906014816
32-bit,QAGS,0.39810717055349776,1.0,4.497653884609711e-16,57.79417317705723,57.79417317705723,56.57109375079017,57.27519531184555,57.66132812468072,58.04443359380684,60.00976562425819
64-bit,Series,0.39810717055349776,1.6,0.0,16.3919991629447,16.3919991629447,15.865966797257158,16.12600097677941,16.229418945190588,16.52443847666163,17.82902832037081
64-bit,Gauss-Legendre,0.39810717055349776,1.6,2.0138979085453732e-16,106.87124255967649,106.87124255967649,105.22539062662872,105.67089843860344,106.08769531117446,107.51601562475344,113.86054687534397
64-bit,QAGS,0.39810717055349776,1.6,0.0,128.13278459809058,128.13278459809058,126.96269531176085,127.49082031149328,127.93203125127661,128.81269531206385,130.26152343798003
32-bit,Series,0.39810717055349776,1.6,1.205591788379968e-10,15.54519740510854,15.54519740510854,14.965283202883484,15.058300781412015,15.279150390679064,15.421801757842246,19.438769530921718
32-bit,Gauss-Legendre,0.39810717055349776,1.6,4.430575398799821e-15,30.45223679303583,30.45223679303583,30.02246093775085,30.27407226596779,30.500878906103424,30.69555664048096,30.838818359413267
32-bit,QAGS,0.39810717055349776,1.6,1.0069489542726865e-15,57.35574776781031,57.35574776781031,56.696386719679026,56.96572265634359,57.211914061383595,57.47832031133271,58.823828124943134
64-bit,Series,0.39810717055349776,2.2,1.181858660949072e-16,16.863971819182563,16.863971819182563,16.37973632773182,16.72153320297909,16.836303710743294,16.942407226494538,17.57949218728072
64-bit,Gauss-Legendre,0.39810717055349776,2.2,1.5364162592337935e-15,748.9376116088428,748.9376116088428,733.9570312439037,739.5242187442364,743.921093757649,751.825781250659,797.6960937554622
64-bit,QAGS,0.39810717055349776,2.2,1.181858660949072e-16,94.27873418868924,94.27873418868924,91.75947265660511,92.53300781253415,92.94101562495882,93.95908203124748,113.90302734426427
32-bit,Series,0.39810717055349776,2.2,4.773598043092958e-11,15.59070638025771,15.59070638025771,15.227416992225073,15.405200195495183,15.600195312437393,15.67260742207921,16.262280273515728
32-bit,Gauss-Legendre,0.39810717055349776,2.2,4.491062911606473e-15,30.505236235161835,30.505236235161835,29.832812499464012,30.12075195307773,30.595507812591904,30.804248046578664,31.242822266186465
32-bit,QAGS,0.39810717055349776,2.2,2.363717321898144e-16,57.1860026041075,57.1860026041075,56.63125000054947,56.89287109333918,57.22060546808905,57.43212890685356,57.66298828113747
64-bit,Series,0.39810717055349776,2.8,0.0,16.732190522704215,16.732190522704215,16.415014648440973,16.51533203128608,16.663037109232448,16.77053222648439,17.57019042969432
64-bit,Gauss-Legendre,0.39810717055349776,2.8,2.3437264575526002e-15,747.4712425598844,747.4712425598844,729.2804687608623,735.9289062378593,741.7195312484637,745.7078124986083,840.66718748943
64-bit,QAGS,0.39810717055349776,2.8,2.604140508391778e-16,94.64439174101086,94.64439174101086,92.09677734389743,92.4017578132208,93.35068359384024,94.3458007807152,119.01552734450149
32-bit,Series,0.39810717055349776,2.8,2.0534949978923364e-11,15.31851050969498,15.31851050969498,15.169433593698045,15.234008789111186,15.2695312500839,15.374023437875195,15.566406249778453
32-bit,Gauss-Legendre,0.39810717055349776,2.8,4.6874529151052005e-15,30.51323474710985,30.51323474710985,29.916357422443696,30.33627929660554,30.479296874830197,30.80605468763764,31.09838867132453
32-bit,QAGS,0.39810717055349776,2.8,1.302070254195889e-16,57.302934337652026,57.302934337652026,56.08964843695219,56.744531249819374,57.42480468740041,57.791796873374324,58.46748046778316
64-bit,Series,0.39810717055349776,3.4,0.0,16.815175083747153,16.815175083747153,16.469750976355613,16.739624023376365,16.83173828093132,16.888305664153336,17.384545898391224
64-bit,Gauss-Legendre,0.39810717055349776,3.4,2.636563302433397e-15,759.2301339297505,759.2301339297505,730.2406250033755,736.010156259681,742.6898437472573,765.4914062555918,938.3375000027172
64-bit,QAGS,0.39810717055349776,3.4,0.0,92.77723679327701,92.77723679327701,91.5607421880793,92.08193359455663,92.61464843746126,93.45439453234405,94.04677734536904
32-bit,Series,0.39810717055349776,3.4,9.545330520236109e-12,15.596180943029072,15.596180943029072,15.22734374992396,15.35456542978153,15.510815429831126,15.627661132722181,16.651831054481647
32-bit,Gauss-Legendre,0.39810717055349776,3.4,4.30176117765449e-15,30.425560360840326,30.425560360840326,29.803076172285614,30.19531249925933,30.346679687376366,30.75664062457406,31.18857421835486
32-bit,QAGS,0.39810717055349776,3.4,0.0,57.56474609384215,57.56474609384215,56.46464843778176,56.93486328084418,57.2893554675602,57.93740234416589,60.42158203101167
64-bit,Series,0.39810717055349776,4.0,2.901880861655537e-16,18.120749627989085,18.120749627989085,17.836816406546774,18.067016601452934,18.11982421884295,18.17292480454924,18.669091796930104
64-bit,Gauss-Legendre,0.39810717055349776,4.0,2.6116927754899835e-15,54.15234374999451,54.15234374999451,50.761328125759064,52.02792968717063,52.66289062433316,54.240039062847245,70.61494140536695
64-bit,QAGS,0.39810717055349776,4.0,1.4509404308277685e-16,92.92081938248148,92.92081938248148,91.80664062391486,92.4253906244843,92.86279296993882,93.2950195320359,94.03369140592588
32-bit,Series,0.39810717055349776,4.0,4.754441603736432e-12,16.612589518196664,16.612589518196664,16.44799804667585,16.51350097642279,16.58901367207477,16.672265624961824,16.94335937507674
32-bit,Gauss-Legendre,0.39810717055349776,4.0,4.643009378648859e-15,30.44303617930463,30.44303617930463,29.747314452599483,30.066015624719,30.555859375169803,30.804296875075465,31.366699218438043
32-bit,QAGS,0.39810717055349776,4.0,1.4509404308277685e-16,57.5608444942062,57.5608444942062,56.63896484442432,56.97939453241929,57.31113281193245,57.81796875048428,61.19785156322166
64-bit,Series,0.39810717055349776,4.6,1.4993081206297631e-16,16.74547409785412,16.74547409785412,16.323559570263768,16.43754882785231,16.538085937600755,16.62392578127836,20.04394531240905
64-bit,Gauss-Legendre,0.39810717055349776,4.6,2.5488238050705975e-15,52.50586402528682,52.50586402528682,50.697460936888206,51.17050781144883,51.58339843802651,53.779296873557314,60.202050780944205
64-bit,QAGS,0.39810717055349776,4.6,1.4993081206297631e-16,93.86968470970203,93.86968470970203,91.535058594161,92.10410156157423,92.64580078038875,93.18320312345918,113.73330078257027
32-bit,Series,0.39810717055349776,4.6,2.5161388880408687e-12,15.451371837750722,15.451371837750722,15.172973632626707,15.316040039348167,15.450341796618972,15.520288086268152,15.9929687497673
32-bit,Gauss-Legendre,0.39810717055349776,4.6,4.497924361889289e-15,30.323235211936,30.323235211936,29.798730468932888,30.007958984334948,30.403955078028844,30.630029296929706,31.0567382806326
32-bit,QAGS,0.39810717055349776,4.6,0.0,57.585881696232114,57.585881696232114,56.49345703062636,57.33154296727605,57.58710937442402,58.01132812521814,58.337499998728504
64-bit,Series,0.39810717055349776,5.2,1.537344821957497e-16,16.96479375933366,16.96479375933366,16.288769531414005,16.502612304680753,16.62534179702746,16.76208496093068,22.376464843709698
64-bit,Gauss-Legendre,0.39810717055349776,5.2,3.3821586083064935e-15,756.072730655974,756.072730655974,732.784375003348,740.4351562456668,742.7218749995745,766.7015624974738,828.7617187505703
64-bit,QAGS,0.39810717055349776,5.2,1.537344821957497e-16,92.6887044273308,92.6887044273308,91.62207031288006,92.15937500073323,92.68310546950431,93.17636718719768,94.4644531255534
32-bit,Series,0.39810717055349776,5.2,1.4051331672691523e-12,15.337496512306329,15.337496512306329,15.048876953027701,15.23105468725916,15.296704101608327,15.441650390801698,15.729614257775637
32-bit,Gauss-Legendre,0.39810717055349776,5.2,4.458299983676742e-15,30.632896205418092,30.632896205418092,29.978613281578248,30.457177734533047,30.676904296811358,30.793798828199215,31.139501952992532
32-bit,QAGS,0.39810717055349776,5.2,1.537344821957497e-16,58.738099888327746,58.738099888327746,56.711523438224276,57.08310546737039,57.47773437470016,58.108984374527495,78.71074218712693
64-bit,Series,0.39810717055349776,5.8,0.0,16.50478980658441,16.50478980658441,16.1987060547375,16.343969726495544,16.518066406234766,16.653198242178036,16.754077148295465
64-bit,Gauss-Legendre,0.39810717055349776,5.8,3.606346785290425e-15,748.3290550580822,748.3290550580822,730.1070312593083,736.7179687491898,740.3695312575564,748.5039062373744,789.6085937488806
64-bit,QAGS,0.39810717055349776,5.8,0.0,93.20502232159,93.20502232159,91.5056640629075,92.65195312480046,93.23945312544879,93.48232421935165,95.89628906248038
32-bit,Series,0.39810717055349776,5.8,8.225606624188508e-13,15.37885393421674,15.37885393421674,15.073706054913316,15.258837890552712,15.36337890595263,15.49645996101745,15.750585937723827
32-bit,Gauss-Legendre,0.39810717055349776,5.8,4.547132903192275e-15,31.045091610845287,31.045091610845287,29.843603515544714,30.10932617186768,30.33369140581499,30.774755859219738,37.149414063186725
32-bit,QAGS,0.39810717055349776,5.8,1.56797686316975e-16,57.121093749858325,57.121093749858325,56.33623046819025,56.89541015740929,57.006933595005194,57.3067382809711,58.48730468827057
64-bit,Series,0.39810717055349776,6.3999999999999995,3.1862848353388676e-16,16.50575009303794,16.50575009303794,16.205078125164363,16.340283203408745,16.48208007809515,16.605371093714183,17.275268554328704
64-bit,Gauss-Legendre,0.39810717055349776,6.3999999999999995,2.549027868271094e-15,51.608863467476695,51.608863467476695,50.75732421921941,51.076757811685525,51.36582031184389,52.05839843824833,54.341210939057305
64-bit,QAGS,0.39810717055349776,6.3999999999999995,0.0,93.68056640620838,93.68056640620838,91.99609374910267,92.62695312628466,93.14716796815503,93.59560546862156,99.23281250046045
32-bit,Series,0.39810717055349776,6.3999999999999995,5.019991758076386e-13,15.450036039823425,15.450036039823425,15.129516601763981,15.283837890844865,15.44797363273176,15.525170898200713,16.08823242182922
32-bit,Gauss-Legendre,0.39810717055349776,6.3999999999999995,4.460798769474415e-15,30.831322079668173,30.831322079668173,29.823095703207514,30.14008789037348,30.38847656267052,30.69443359393631,39.97143554723692
32-bit,QAGS,0.39810717055349776,6.3999999999999995,0.0,57.29495442682465,57.29495442682465,56.408300780574905,56.92480468688643,57.13935546758364,57.83144531257278,58.07509765531904
64-bit,Series,0.39810717055349776,7.0,0.0,16.74939429869531,16.74939429869531,16.44665527322786,16.557812499762292,16.627807617464185,16.778930663985392,17.654907226383187
64-bit,Gauss-Legendre,0.39810717055349776,7.0,2.5826684430257767e-15,51.886058407747875,51.886058407747875,50.51171875081195,51.459863280811646,51.954296875322825,52.116210937924734,52.76074218585336
64-bit,QAGS,0.39810717055349776,7.0,1.6141677768911104e-16,93.57755301334488,93.57755301334488,91.58046875157311,92.06728515565032,92.45693359360985,93.78740234389227,100.27714843729996
32-bit,Series,0.39810717055349776,7.0,3.186367191583052e-13,15.304580543054483,15.304580543054483,14.932421875002433,15.159790038854482,15.2671630857526,15.345068359540193,16.068139648606206
32-bit,Gauss-Legendre,0.39810717055349776,7.0,4.196836219916887e-15,30.962911551389375,30.962911551389375,29.920556641194196,30.097656249949978,30.240625000566013,30.777636718326562,41.4518066405023
32-bit,QAGS,0.39810717055349776,7.0,1.6141677768911104e-16,57.26024460569098,57.26024460569098,56.166992187911546,56.86318359288123,57.25009765633615,57.68251953064407,58.66035156287808
64-bit,Series,0.39810717055349776,7.6,0.0,17.25606166294976,17.25606166294976,16.2182861327409,16.44455566385261,16.557470703393307,18.180737304529515,19.546289062422062
64-bit,Gauss-Legendre,0.39810717055349776,7.6,2.447981137721316e-15,51.724697730631554,51.724697730631554,50.474707030900845,51.00078124975482,51.442382812183496,52.03056640645798,56.11835937457954
64-bit,QAGS,0.39810717055349776,7.6,0.0,94.4354166671517,94.4354166671517,91.84160156294752,92.55175781319736,93.22236328124234,96.46210937575006,99.76953124990473
32-bit,Series,0.39810717055349776,7.6,2.088943904188856e-13,15.385014415886506,15.385014415886506,15.097045898304629,15.263745117177763,15.34592285157288,15.419409179706633,15.976098632908275
32-bit,Gauss-Legendre,0.39810717055349776,7.6,4.406366047898369e-15,30.456187220957126,30.456187220957126,29.900634765489542,30.064208983660023,30.37265624961094,30.72055664077311,31.772119140960342
32-bit,QAGS,0.39810717055349776,7.6,0.0,58.25874255947044,58.25874255947044,56.52304687409071,56.86611328137303,57.39140624960726,57.68554687612948,74.48125000131256
64-bit,Series,0.39810717055349776,8.2,0.0,16.53732910154661,16.53732910154661,16.17890625027485,16.410424804824686,16.581835937667933,16.70319824231825,16.855249023173258
64-bit,Gauss-Legendre,0.39810717055349776,8.2,3.78873711220322e-15,739.8686011895063,739.8686011895063,729.7640624983615,734.5710937585181,738.5374999984151,744.7867187408974,752.5914062540551
64-bit,QAGS,0.39810717055349776,8.2,1.6472770053057477e-16,93.68982049847335,93.68982049847335,92.09326171877308,92.56367187404635,93.29277343717024,93.77109375030557,97.89794921921668
32-bit,Series,0.39810717055349776,8.2,1.411716393547026e-13,15.712286086285351,15.712286086285351,15.117504883033206,15.289746094104828,15.41723632803027,15.540551757453613,21.9566406247651
32-bit,Gauss-Legendre,0.39810717055349776,8.2,4.447647914325519e-15,30.340432012702454,30.340432012702454,29.76142578070551,30.09257812536248,30.39008789063047,30.58164062519353,30.887744141061546
32-bit,QAGS,0.39810717055349776,8.2,1.6472770053057477e-16,57.31227213565775,57.31227213565775,56.50283203273432,56.78720703272688,57.257812500211,57.51074218807162,59.012597656504795
64-bit,Series,0.39810717055349776,8.8,1.6605362519715522e-15,16.669805617568265,16.669805617568265,16.083984375026006,16.369458007758908,16.478222656157726,16.58244628943706,19.39733886713313
64-bit,Gauss-Legendre,0.39810717055349776,8.8,2.822911628351639e-15,51.58971354181033,51.58971354181033,50.611718750204204,51.077539064081634,51.61376953033425,52.077929685978575,52.68466796870541
64-bit,QAGS,0.39810717055349776,8.8,0.0,93.68821614592837,93.68821614592837,92.57402343898491,92.96015625004372,93.30400390616944,94.2695312513564,97.3553710927888
32-bit,Series,0.39810717055349776,8.8,9.996428236868744e-14,15.651202101917336,15.651202101917336,15.07167968739509,15.274755859273625,15.497070312342487,16.078564453181343,16.374804687302458
32-bit,Gauss-Legendre,0.39810717055349776,8.8,4.483447880323191e-15,30.503513299885906,30.503513299885906,30.00380859319307,30.273242187739413,30.564550781875255,30.78618164042979,30.996728515475525
32-bit,QAGS,0.39810717055349776,8.8,0.0,57.201525297671864,57.201525297671864,56.51874999834661,56.759472656153775,57.22031250066095,57.489257812903816,58.27011718828601
64-bit,Series,0.39810717055349776,9.4,8.36071139547124e-16,16.406311616389335,16.406311616389335,16.066894531263642,16.289697265303715,16.411376952962797,16.49650878876585,16.69152831995646
64-bit,Gauss-Legendre,0.39810717055349776,9.4,2.340999190731947e-15,52.49248511917686,52.49248511917686,50.360644532787546,50.87207031273522,51.377343750047544,52.03310546875173,71.26660156231424
64-bit,QAGS,0.39810717055349776,9.4,1.6721422790942481e-16,448.3686011905688,448.3686011905688,440.7281249996231,444.81562500209293,448.6742187452819,451.3328125028693,458.19921875533964
32-bit,Series,0.39810717055349776,9.4,7.089883263359612e-14,15.617613002182923,15.617613002182923,15.07099609376894,15.171118163959108,15.392895507559956,15.512451172039476,20.724682617156986
32-bit,Gauss-Legendre,0.39810717055349776,9.4,4.347569925645045e-15,31.6435523622345,31.6435523622345,29.97280273397962,30.46835937414727,31.80073242248227,31.960400390218524,37.96962890589839
32-bit,QAGS,0.39810717055349776,9.4,3.3442845581884963e-16,57.85272507452534,57.85272507452534,56.60576171884202,57.560449217675114,57.79189453214428,58.2080078128655,59.56611328095107
64-bit,Series,0.39810717055349776,10.0,5.047154289642491e-16,15.791970098647365,15.791970098647365,15.577246093467778,15.704077148459561,15.74948730498349,15.887841796846658,16.098120117380432
64-bit,Gauss-Legendre,0.39810717055349776,10.0,4.037723431713993e-15,737.1594494057513,737.1594494057513,728.5609375031754,732.8953125096405,735.4906250043314,739.9726562624664,758.2156249981153
64-bit,QAGS,0.39810717055349776,10.0,0.0,448.0612351194342,448.0612351194342,439.58593749948704,445.7718750074946,448.8085937452979,450.84140624851443,456.6507812455711
32-bit,Series,0.39810717055349776,10.0,5.063978137274633e-14,14.63800106957368,14.63800106957368,14.110522460697439,14.218505859364683,14.324609375115926,14.493237304513684,20.227709960796147
32-bit,Gauss-Legendre,0.39810717055349776,10.0,4.542438860678242e-15,30.317317708327177,30.317317708327177,29.815185547121814,30.114843750261855,30.305224608895287,30.543310547415103,30.85634765565004
32-bit,QAGS,0.39810717055349776,10.0,0.0,57.67870628725107,57.67870628725107,56.11699218732724,57.02119140593709,57.24589843758565,58.02548828093279,60.59736328190013
64-bit,Series,1.0,1.0,4.504864769716704e-16,17.00748581663041,17.00748581663041,16.77446289072293,16.937597655974912,17.003808594040493,17.06105957044457,17.303198242224482
64-bit,Gauss-Legendre,1.0,1.0,2.477675623344187e-15,551.4691964318022,551.4691964318022,544.0617187559837,546.0671874999434,547.1531249980899,551.1218750058333,619.2343750086593
64-bit,QAGS,1.0,1.0,1.126216192429176e-16,57.37901320682478,57.37901320682478,56.59199218754907,56.86445312491628,57.42070312564351,57.77675781359903,58.18671874990855
32-bit,Series,1.0,1.0,6.568520796400077e-10,16.431842912979448,16.431842912979448,15.910107421746034,16.039941406198466,16.067114257722892,16.227905273336063,21.17978515636665
32-bit,Gauss-Legendre,1.0,1.0,1.2388378116720935e-15,18.568088495080865,18.568088495080865,18.140161132773613,18.39360351540975,18.547290039361286,18.721704101665182,19.28737792988855
32-bit,QAGS,1.0,1.0,2.252432384858352e-16,21.58680361788324,21.58680361788324,21.10595703097573,21.259326171918502,21.419018554791336,21.59755859354462,24.1004882810536
64-bit,Series,1.0,1.6,2.0880710750887195e-15,16.793002464620177,16.793002464620177,16.51162109395088,16.683447265464224,16.792333984660957,16.9263916016682,17.118432617202473
64-bit,Gauss-Legendre,1.0,1.6,2.210898785388056e-15,737.1412574430212,737.1412574430212,728.5718750011938,733.4343750073913,737.0765625012154,738.1867187490343,763.8015625133221
64-bit,QAGS,1.0,1.6,1.2282771029933644e-16,58.54402901788496,58.54402901788496,56.20214843915505,56.66054687480937,57.42392578156341,57.80156249990398,77.36240234379466
32-bit,Series,1.0,1.6,4.656510270664217e-10,16.173193359331467,16.173193359331467,15.30354003920209,15.427661132605408,15.533618163754426,15.837133788831892,18.563256835690822
32-bit,Gauss-Legendre,1.0,1.6,1.4739325235920373e-15,20.106086076964235,20.106086076964235,19.744946289090848,19.909399413986506,20.058959961044565,20.29555664062599,20.79206542937584
32-bit,QAGS,1.0,1.6,1.2282771029933644e-16,21.625804501442964,21.625804501442964,21.087939452879567,21.381494140992885,21.50600585926199,21.70222167974245,22.497314453140405
64-bit,Series,1.0,2.2,2.579139119529204e-16,16.744591703928997,16.744591703928997,16.41218261738686,16.649902343957024,16.803247070207306,16.855957031047808,17.081030273313758
64-bit,Gauss-Legendre,1.0,2.2,2.3212252075762838e-15,756.4329241083506,756.4329241083506,731.5859375012224,737.1046875022103,740.8328124967056,747.0632812527356,977.4390625096885
64-bit,QAGS,1.0,2.2,1.289569559764602e-16,57.03084542405112,57.03084542405112,56.2372070316286,56.705859375227874,56.976562499144734,57.1771484381145,57.866699219033535
32-bit,Series,1.0,2.2,3.6100248943137063e-10,15.501039341426717,15.501039341426717,15.253930663927662,15.322558593933167,15.486303710954274,15.605126953310844,16.329296875117194
32-bit,Gauss-Legendre,1.0,2.2,1.1606126037881419e-15,20.426482282403803,20.426482282403803,19.864697265781217,20.14223632818002,20.29255371072125,20.379980468554493,21.326440429625393
32-bit,QAGS,1.0,2.2,1.289569559764602e-16,21.382084728381404,21.382084728381404,21.050341796780003,21.1977539064101,21.287744140341402,21.49111328142439,22.529199218634943
64-bit,Series,1.0,2.8,3.9911348685592426e-16,16.632721819229275,16.632721819229275,16.09018554704633,16.24135742206434,16.421337890815124,16.492236327714238,21.412915039320524
64-bit,Gauss-Legendre,1.0,2.8,2.261643092183571e-15,741.6379464297322,741.6379464297322,728.7257812578218,736.6945312554662,738.5781249951151,744.1820312550362,764.6835937578089
64-bit,QAGS,1.0,2.8,0.0,57.45049758173101,57.45049758173101,56.32646484343695,56.874414063656786,57.452441406979915,57.80566406166088,60.42402343808817
32-bit,Series,1.0,2.8,2.9652788391322757e-10,15.569037155874607,15.569037155874607,15.290185546579238,15.482861328131037,15.593457031393143,15.676684570031796,15.765966796532638
32-bit,Gauss-Legendre,1.0,2.8,1.3303782895197476e-15,20.573056175574692,20.573056175574692,19.793969726400462,20.14921874993192,20.508154296994263,21.034741211067853,21.441845702963036
32-bit,QAGS,1.0,2.8,0.0,21.726361374641538,21.726361374641538,21.125463867122107,21.219604492195288,21.30539550782018,21.538378906615918,28.1488769529048
64-bit,Series,1.0,3.4,8.156764557249047e-16,16.315902855298013,16.315902855298013,16.051757812274303,16.151098632732896,16.225830078209214,16.424414062576886,17.30007324196592
64-bit,Gauss-Legendre,1.0,3.4,2.447029367174714e-15,741.0899181568961,741.0899181568961,726.7125000112173,733.9710937515065,736.2398437606998,741.5679687596821,775.430468749505
64-bit,QAGS,1.0,3.4,0.0,57.238471912243874,57.238471912243874,56.05986328127699,56.61787109367822,57.29384765551515,57.76699218706938,59.44033203242327
32-bit,Series,1.0,3.4,2.534563686020832e-10,15.353224981436613,15.353224981436613,15.138867187847183,15.243432617051411,15.30910644520489,15.450830078478361,15.678320312684235
32-bit,Gauss-Legendre,1.0,3.4,1.3594607595415078e-15,20.28151274184135,20.28151274184135,19.688085937552557,19.907739257973844,20.110180663834853,20.610742187177067,21.31914062530882
32-bit,QAGS,1.0,3.4,1.359460759541508e-16,21.868373325919407,21.868373325919407,21.186474609358186,21.365429687669746,21.52651367159919,21.652465820309885,29.186303711181694
64-bit,Series,1.0,4.0,1.3812161467507009e-16,16.178663271938987,16.178663271938987,15.547119140535415,15.79213867186624,15.925073242328835,16.646191406177735,16.95227050779735
64-bit,Gauss-Legendre,1.0,4.0,2.2099458348011214e-15,738.2721726198075,738.2721726198075,728.8492187456086,732.6585937477148,736.8890625087943,740.9312500072929,767.6398437581611
64-bit,QAGS,1.0,4.0,1.3812161467507009e-16,57.14807012629258,57.14807012629258,55.87812499996403,56.176562500454,56.69648437667263,57.96914062550229,60.33427734308816
32-bit,Series,1.0,4.0,2.2294057890926918e-10,15.390148344470349,15.390148344470349,14.747998046793498,15.014868163909512,15.155883788864344,15.248876953144475,20.273071288823274
32-bit,Gauss-Legendre,1.0,4.0,1.2430945320756307e-15,20.373339843721403,20.373339843721403,19.644873046953393,19.961816406066646,20.169604492359383,20.608813476652443,21.992138671933503
32-bit,QAGS,1.0,4.0,1.3812161467507009e-16,21.33639904207859,21.33639904207859,21.00881347688599,21.162915039063535,21.245874023634315,21.434326172187212,22.4030761719618
64-bit,Series,1.0,4.6,2.7961865847882393e-16,16.16074683769802,16.16074683769802,15.904638671848659,16.07658691415992,16.201831054551974,16.246386718599126,16.472558593605413
64-bit,Gauss-Legendre,1.0,4.6,2.3767585970700036e-15,736.7869047595291,736.7869047595291,727.9804687385649,731.5304687409707,737.3203124956262,740.299218747964,759.0624999949114
64-bit,QAGS,1.0,4.6,1.3980932923941196e-16,58.6663736977958,58.6663736977958,56.16748046755049,56.795996092873224,57.267675781957905,57.96962890691759,81.65166015672298
32-bit,Series,1.0,4.6,2.0033865985898148e-10,15.245339239149715,15.245339239149715,14.923339843431194,15.14228515642202,15.2769775390027,15.332763671604965,15.630712890679632
32-bit,Gauss-Legendre,1.0,4.6,1.3980932923941197e-15,20.325181361588058,20.325181361588058,19.639990234576743,20.103979492258617,20.248803711098162,20.40646972645277,21.194604492347224
32-bit,QAGS,1.0,4.6,1.3980932923941196e-16,21.400238327724743,21.400238327724743,21.075537109283005,21.19216308571481,21.41516113285391,21.500292968656964,21.921508789102262
64-bit,Series,1.0,5.2,1.9761867143549252e-15,15.731459263384252,15.731459263384252,15.4962158203098,15.59895019509483,15.680444335863797,15.81867675781723,16.43874511714216
64-bit,Gauss-Legendre,1.0,5.2,2.2584991021199147e-15,749.2994419635579,749.2994419635579,731.14453125811,735.9937499984426,737.7828124930375,742.4031250025109,936.2929687597443
64-bit,QAGS,1.0,5.2,1.4115619388249467e-16,57.64220610084334,57.64220610084334,56.3490234366526,56.82929687544913,57.221679686136895,58.17636718674635,61.016894532528454
32-bit,Series,1.0,5.2,1.8300406490186844e-10,15.256356956871995,15.256356956871995,14.789721679786538,14.99433593732391,15.124755859741157,15.607983398613356,16.014599609537328
32-bit,Gauss-Legendre,1.0,5.2,1.270405744942452e-15,20.0970668247197,20.0970668247197,19.696606445407383,19.91159667946718,20.06818847677394,20.29067382824934,20.689916992111534
32-bit,QAGS,1.0,5.2,0.0,21.446983119444678,21.446983119444678,21.09589843746207,21.303002929684567,21.447485351711038,21.59223632824947,21.732128906215564
64-bit,Series,1.0,5.8,5.690226940064543e-16,16.111283947194995,16.111283947194995,15.41232910140522,15.537744140647902,15.861035156383707,16.113476562384932,18.909765624908204
64-bit,Gauss-Legendre,1.0,5.8,2.1338351025242035e-15,751.1437872016998,751.1437872016998,731.5093750008828,733.7101562399084,738.0484374976959,744.8640624971858,961.8218750091501
64-bit,QAGS,1.0,5.8,1.4225567350161357e-16,57.630329240966816,57.630329240966816,56.43730468740671,57.108496093860595,57.59511718750332,57.957031248889734,59.49052734344207
32-bit,Series,1.0,5.8,1.6933873538987124e-10,15.206924293195309,15.206924293195309,14.641943359539056,14.778393554681912,15.060937499811189,15.67541503932901,16.346606445338807
32-bit,Gauss-Legendre,1.0,5.8,1.4225567350161355e-15,20.142537434917443,20.142537434917443,19.774755859458537,19.92346191403982,20.14716796860938,20.328735351515803,20.52834472676679
32-bit,QAGS,1.0,5.8,0.0,21.420424107121946,21.420424107121946,21.038452148403053,21.295336913862428,21.402612304655122,21.515014648088027,21.898559570576737
64-bit,Series,1.0,6.3999999999999995,1.7180400102267646e-15,15.895291573705554,15.895291573705554,15.253051758090663,15.480883789109612,15.64838867196272,15.91142578138971,19.769628906374237
64-bit,Gauss-Legendre,1.0,6.3999999999999995,2.2907200136356862e-15,739.9240327382964,739.9240327382964,727.7742187596914,734.9234375055858,738.0062500033091,743.6843749957234,762.8992187562744
64-bit,QAGS,1.0,6.3999999999999995,1.431700008522304e-16,57.17410714256047,57.17410714256047,56.18300781407015,56.63925781185242,57.02929687423364,57.3019531238117,59.96201171853954
32-bit,Series,1.0,6.3999999999999995,1.5830994210235205e-10,15.17025785898899,15.17025785898899,14.723828124729721,14.77436523433795,14.894262695186455,15.450903319891296,17.581469726302146
32-bit,Gauss-Legendre,1.0,6.3999999999999995,1.2885300076700735e-15,20.10545596174498,20.10545596174498,19.82421875013074,19.903588867276056,20.02299804670926,20.224267578417,20.817138671969104
32-bit,QAGS,1.0,6.3999999999999995,0.0,21.59377790178496,21.59377790178496,20.98269043004919,21.10505371089033,21.293627929797054,21.453637695234562,26.99482421864019
64-bit,Series,1.0,7.0,1.1515375526982037e-15,15.242270042824048,15.242270042824048,14.963623046870822,15.133154296798068,15.192358398863348,15.271459961052614,15.979638671836938
64-bit,Gauss-Legendre,1.0,7.0,2.3030751053964074e-15,735.9439732153663,735.9439732153663,725.2531249974936,733.4343750073913,736.8531250051547,738.7031249947995,747.0250000096712
64-bit,QAGS,1.0,7.0,0.0,56.95209728435947,56.95209728435947,56.06894531240414,56.58574218614376,56.894140625374234,57.274902344417455,58.369042969630414
32-bit,Series,1.0,7.0,1.4924689576597382e-10,14.759355236268085,14.759355236268085,14.201977539318733,14.486914062583622,14.698706054971922,15.04816894515315,15.419189453247384
32-bit,Gauss-Legendre,1.0,7.0,1.4394219408727548e-15,20.27999093192517,20.27999093192517,19.653613281267468,19.887451171651804,20.055419921671813,20.241113281471712,24.880151367145942
32-bit,QAGS,1.0,7.0,1.4394219408727546e-16,21.413242885028776,21.413242885028776,21.03627929717078,21.238159179759464,21.353808593804757,21.448779297106313,23.09252929677541
64-bit,Series,1.0,7.6,8.676175741383557e-16,16.135452706442894,16.135452706442894,15.464868163839185,15.639599609151844,15.801342773347216,16.433471679455636,19.3216552735187
64-bit,Gauss-Legendre,1.0,7.6,2.169043935345889e-15,747.7209077393354,747.7209077393354,730.6078124997839,736.7539062528294,737.7992187542759,745.8624999969743,807.3328124993395
64-bit,QAGS,1.0,7.6,1.4460292902305926e-16,57.567792038629555,57.567792038629555,56.11103515512639,57.01787109302359,57.46142578288982,57.97597656176379,60.02275390670775
32-bit,Series,1.0,7.6,1.4167226146054893e-10,15.149221075118547,15.149221075118547,14.698266601609333,14.956982421931997,15.099145508123968,15.31118164033174,15.718701171785199
32-bit,Gauss-Legendre,1.0,7.6,1.590632219253652e-15,20.433096168139187,20.433096168139187,19.65668945302923,19.936596679759333,20.021459961050425,20.510791015393437,25.264892578036324
32-bit,QAGS,1.0,7.6,1.4460292902305926e-16,21.279808407762395,21.279808407762395,20.974902343873225,21.178002929556072,21.24992675778259,21.326171874669342,21.649951172264537
64-bit,Series,1.0,8.2,1.1613973001264779e-15,15.548873465368967,15.548873465368967,15.260327148602926,15.451416015554997,15.558227539180791,15.631958007578106,16.297192382719317
64-bit,Gauss-Legendre,1.0,8.2,2.177619937737146e-15,741.6122767856289,741.6122767856289,727.3507812612934,736.1210937517626,738.9945312468171,744.950781239595,770.5164062485892
64-bit,QAGS,1.0,8.2,0.0,57.480385044563654,57.480385044563654,55.97529296963444,56.441601561374455,56.71728515466157,57.79697265673178,61.72597656295409
32-bit,Series,1.0,8.2,1.3525487782610444e-10,15.288123139889361,15.288123139889361,14.696606445152582,14.884106445567369,14.969433593581272,15.044921874984851,20.68979492175771
32-bit,Gauss-Legendre,1.0,8.2,1.4517466251580972e-15,20.171418108325785,20.171418108325785,19.750537109342048,20.071972655966164,20.181591796841758,20.281542969069477,20.467919921607347
32-bit,QAGS,1.0,8.2,1.4517466251580973e-16,21.37972702757433,21.37972702757433,21.005371094062752,21.126611327915157,21.290429687681467,21.37272949243041,22.68806152372349
64-bit,Series,1.0,8.8,1.0197194582146021e-15,15.723117792039906,15.723117792039906,15.20659179687911,15.367260742138455,15.507275390902464,15.626879882990607,18.600146484359925
64-bit,Gauss-Legendre,1.0,8.8,2.1851131247455757e-15,738.1683779742941,738.1683779742941,728.4062500048094,733.9007812561249,737.6531250002927,741.2578124927904,758.2874999911837
64-bit,QAGS,1.0,8.8,0.0,59.06006789436175,59.06006789436175,55.88466796879743,56.81152343761653,57.76289062531248,60.1008789065105,77.2815429694873
32-bit,Series,1.0,8.8,1.297582813383499e-10,14.754428245917985,14.754428245917985,14.489257812666523,14.605883789098328,14.7629638673763,14.891381836079631,15.048510741966226
32-bit,Gauss-Legendre,1.0,8.8,1.456742083163717e-15,20.08137323285451,20.08137323285451,19.630419921590203,19.95285644529332,20.034912109334613,20.218530273563573,20.58681640626503
32-bit,QAGS,1.0,8.8,2.913484166327434e-16,21.56836867556982,21.56836867556982,21.15742187491776,21.2257568361629,21.411108398261547,21.678784179801625,22.81572265649956
64-bit,Series,1.0,9.4,2.630059244072952e-15,15.764950706886355,15.764950706886355,15.456420898729561,15.557543945554642,15.67375488287226,15.775268554563127,17.105249023430247
64-bit,Gauss-Legendre,1.0,9.4,2.1917160367274602e-15,747.2973958329019,747.2973958329019,731.0937499909187,733.7046875051101,737.2054687522223,743.1882812483082,904.2703125032858
64-bit,QAGS,1.0,9.4,1.4611440244849736e-16,59.71562499976609,59.71562499976609,56.752734375109526,58.45576171736866,59.083398436854395,60.57568359452148,66.00019531255441
32-bit,Series,1.0,9.4,1.2499327334576216e-10,15.299348958365211,15.299348958365211,14.838403320283078,15.033422851473688,15.145361328183782,15.427905273757148,16.931152343691025
32-bit,Gauss-Legendre,1.0,9.4,1.1689152195879789e-15,20.110498046885915,20.110498046885915,19.682226562789396,19.81093750025309,20.098364257759016,20.31354980491784,20.991625976574113
32-bit,QAGS,1.0,9.4,1.4611440244849736e-16,21.752947126167722,21.752947126167722,21.049707031206566,21.313745117268468,21.483569335956076,21.636352538934034,25.939941405983546
64-bit,Series,1.0,10.0,5.86020849315707e-16,15.390118117495993,15.390118117495993,14.697387695328246,14.955346679723647,15.075952148446703,15.177636718544107,21.78002929698053
64-bit,Gauss-Legendre,1.0,10.0,2.0510729726049744e-15,740.0132812496926,740.0132812496926,730.9609375028003,734.0734374992053,736.179687493177,739.271093749494,778.9804687519108
64-bit,QAGS,1.0,10.0,2.930104246578535e-16,57.95387369822436,57.95387369822436,56.27695312426795,56.71533203077672,57.42392578156341,58.02275390642819,65.8901367192044
32-bit,Series,1.0,10.0,1.2083471552986452e-10,14.42433384483503,14.42433384483503,14.145947265564729,14.324511718566413,14.399633788908517,14.510327148720137,14.742895507957599
32-bit,Gauss-Legendre,1.0,10.0,1.172041698631414e-15,20.31446010041819,20.31446010041819,19.69069824214742,19.918652343964283,20.01267089823955,20.158422851412894,26.050122070131465
32-bit,QAGS,1.0,10.0,4.3951563698678025e-16,21.628882998540416,21.628882998540416,21.12299804668538,21.2462646485001,21.368676757838045,21.488159179572364,26.430346679706673
